Tiempo,Angulo
0.000,-0.0°
0.035,0.0°
0.065,0.9°
0.099,5.4°
0.133,9.6°
0.166,16.1°
0.198,21.8°
0.231,27.9°
0.263,33.7°
0.297,39.5°
0.330,45.4°
0.364,51.5°
0.397,57.2°
0.429,63.3°
0.462,69.3°
0.497,75.4°
0.529,81.5°
0.562,87.5°
0.596,93.6°
0.628,99.7°
0.661,105.6°
0.695,111.9°
0.727,117.7°
0.761,123.7°
0.794,129.7°
0.827,135.3°
0.860,141.3°
0.893,146.7°
0.928,152.6°
0.959,158.7°
0.993,164.2°
1.026,170.1°
1.059,175.6°
1.093,-178.7°
1.125,-173.1°
1.158,-167.7°
1.190,-161.8°
1.225,-156.7°
1.257,-151.3°
1.290,-146.3°
1.323,-140.9°
1.357,-134.9°
1.390,-129.5°
1.422,-123.7°
1.456,-117.9°
1.489,-111.8°
1.522,-105.9°
1.558,-100.4°
1.590,-94.6°
1.623,-88.8°
1.654,-82.7°
1.688,-76.9°
1.722,-71.1°
1.754,-64.9°
1.787,-59.2°
1.821,-53.1°
1.854,-47.5°
1.886,-41.3°
1.919,-35.3°
1.953,-28.6°
1.986,-22.3°
2.020,-16.7°
2.052,-9.7°
2.085,-3.5°
2.119,2.5°
2.150,8.7°
2.184,14.4°
2.217,20.7°
2.251,26.9°
2.283,32.5°
2.316,38.5°
2.350,44.5°
2.383,50.6°
2.415,56.2°
2.449,62.2°
2.482,68.4°
2.515,74.1°
2.550,80.2°
2.583,86.2°
2.614,92.1°
2.647,98.0°
2.680,104.2°
2.715,110.5°
2.748,116.3°
2.780,122.2°
2.813,128.2°
2.846,133.8°
2.880,139.6°
2.913,145.2°
2.946,151.2°
2.979,157.1°
3.012,162.7°
3.051,168.5°
3.078,174.0°
3.112,179.8°
3.145,-174.9°
3.177,-169.1°
3.210,-163.7°
3.243,-158.2°
3.277,-153.4°
3.310,-147.8°
3.350,-142.4°
3.376,-136.7°
3.409,-131.3°
3.442,-125.6°
3.475,-119.6°
3.510,-113.7°
3.541,-107.9°
3.574,-101.9°
3.607,-96.0°
3.641,-90.2°
3.675,-84.2°
3.710,-78.5°
3.740,-72.3°
3.773,-66.4°
3.806,-60.5°
3.840,-54.2°
3.872,-48.4°
3.905,-42.1°
3.938,-36.4°
3.979,-29.7°
4.005,-23.4°
4.038,-17.7°
4.071,-11.1°
4.105,-4.9°
4.138,1.4°
4.172,8.0°
4.203,13.9°
4.236,20.3°
4.272,26.2°
4.303,32.3°
4.338,38.5°
4.369,44.3°
4.401,50.3°
4.435,56.2°
4.468,62.2°
4.501,68.0°
4.534,73.5°
4.569,79.7°
4.600,85.6°
4.637,91.6°
4.671,97.4°
4.700,103.6°
4.733,109.6°
4.771,115.6°
4.799,121.6°
4.832,127.6°
4.866,133.1°
4.899,139.1°
4.932,144.7°
4.964,150.4°
5.000,156.5°
5.031,162.0°
5.064,167.5°
5.097,173.4°
5.131,178.9°
5.164,-175.4°
5.197,-170.2°
5.229,-164.9°
5.263,-159.5°
5.296,-154.2°
5.331,-148.8°
5.363,-143.5°
5.395,-137.8°
5.429,-132.3°
5.461,-126.6°
5.494,-120.7°
5.527,-114.9°
5.560,-109.1°
5.595,-103.2°
5.627,-97.3°
5.660,-91.4°
5.694,-85.6°
5.731,-79.4°
5.759,-73.5°
5.793,-67.5°
5.825,-61.6°
5.859,-55.2°
5.892,-49.5°
5.925,-43.2°
5.958,-37.4°
5.993,-31.0°
6.024,-24.8°
6.057,-18.0°
6.090,-11.4°
6.123,-5.1°
6.157,0.9°
6.191,7.5°
6.222,13.6°
6.259,19.8°
6.289,26.0°
6.322,31.9°
6.355,38.0°
6.388,43.8°
6.421,49.7°
6.455,56.0°
6.487,61.5°
6.521,67.7°
6.554,73.3°
6.587,79.2°
6.620,85.2°
6.654,91.1°
6.687,97.0°
6.719,103.2°
6.752,109.2°
6.785,115.2°
6.818,121.0°
6.857,127.0°
6.884,132.6°
6.918,138.6°
6.952,144.1°
6.984,150.0°
7.017,155.8°
7.053,161.6°
7.084,167.1°
7.116,172.9°
7.150,178.3°
7.184,-176.0°
7.218,-170.6°
7.250,-165.1°
7.283,-159.8°
7.315,-154.6°
7.348,-149.2°
7.382,-143.8°
7.414,-138.1°
7.448,-132.5°
7.482,-126.9°
7.513,-120.9°
7.547,-115.2°
7.579,-109.5°
7.613,-103.5°
7.647,-97.7°
7.680,-91.7°
7.713,-85.9°
7.746,-80.0°
7.779,-73.7°
7.812,-68.1°
7.846,-62.2°
7.877,-55.8°
7.911,-50.1°
7.944,-43.8°
7.978,-36.9°
8.010,-30.4°
8.046,-24.3°
8.077,-18.7°
8.109,-12.2°
8.143,-5.9°
8.176,1.2°
8.209,6.8°
8.250,13.1°
8.278,19.5°
8.309,25.8°
8.341,31.8°
8.374,37.6°
8.411,43.8°
8.441,49.9°
8.474,55.6°
8.507,61.5°
8.540,67.5°
8.574,73.1°
8.608,79.1°
8.641,85.3°
8.673,90.8°
8.705,96.9°
8.740,102.9°
8.772,109.0°
8.804,114.9°
8.839,120.7°
8.871,126.9°
8.905,132.5°
8.938,138.5°
8.971,144.1°
9.004,149.9°
9.037,155.6°
9.070,161.3°
9.103,166.9°
9.136,172.7°
9.169,178.1°
9.206,-176.5°
9.237,-171.2°
9.268,-165.9°
9.303,-160.6°
9.337,-156.1°
9.372,-151.2°
9.403,-146.2°
9.435,-141.2°
9.471,-136.1°
9.501,-131.1°
9.535,-126.2°
9.567,-121.1°
9.600,-116.1°
9.637,-111.1°
9.666,-106.1°
9.701,-101.1°
9.733,-96.2°
9.766,-91.2°
9.800,-86.5°
9.833,-81.5°
9.866,-76.6°
9.901,-71.9°
9.931,-67.2°
9.965,-62.5°
9.998,-57.5°
10.032,-53.0°
10.066,-48.4°
10.096,-43.7°
10.132,-39.1°
10.171,-34.6°
10.196,-29.4°
10.229,-25.3°
10.270,-20.6°
10.297,-15.8°
10.331,-11.4°
10.361,-7.2°
10.395,-3.3°
10.427,0.8°
10.464,5.1°
10.494,9.4°
10.527,13.3°
10.562,17.4°
10.593,21.3°
10.626,25.1°
10.658,29.0°
10.692,32.8°
10.726,36.4°
10.758,40.0°
10.791,43.7°
10.824,47.3°
10.857,50.8°
10.892,54.1°
10.923,57.5°
10.959,61.0°
10.990,64.5°
11.023,67.7°
11.058,71.1°
11.092,74.3°
11.122,77.5°
11.155,80.7°
11.190,83.9°
11.222,87.0°
11.254,90.2°
11.288,93.2°
11.321,96.2°
11.354,99.3°
11.387,102.3°
11.419,105.0°
11.454,108.0°
11.486,110.9°
11.519,113.7°
11.555,116.6°
11.586,119.2°
11.619,122.1°
11.652,124.7°
11.686,127.3°
11.718,130.0°
11.751,132.5°
11.787,135.1°
11.818,137.5°
11.850,139.9°
11.884,142.5°
11.917,144.8°
11.950,147.2°
11.983,149.4°
12.017,152.0°
12.049,154.2°
12.082,156.2°
12.116,158.8°
12.148,160.9°
12.182,163.3°
12.214,165.4°
12.250,167.7°
12.281,169.7°
12.314,171.5°
12.348,173.8°
12.380,175.7°
12.413,178.0°
12.450,179.9°
12.483,-178.3°
12.516,-176.1°
12.548,-174.2°
12.580,-172.4°
12.618,-170.6°
12.648,-168.8°
12.679,-167.0°
12.715,-165.1°
12.752,-163.4°
12.783,-161.5°
12.815,-159.7°
12.844,-157.9°
12.877,-156.2°
12.910,-154.5°
12.943,-152.7°
12.978,-151.0°
13.011,-149.4°
13.043,-147.7°
13.076,-146.1°
13.110,-144.5°
13.141,-142.8°
13.175,-141.2°
13.209,-139.5°
13.243,-138.0°
13.275,-136.4°
13.308,-135.0°
13.340,-133.4°
13.373,-131.8°
13.407,-130.4°
13.439,-129.0°
13.472,-127.4°
13.506,-126.0°
13.540,-124.4°
13.571,-122.9°
13.605,-121.4°
13.638,-120.0°
13.675,-118.6°
13.704,-117.3°
13.738,-115.9°
13.770,-114.5°
13.804,-113.1°
13.837,-111.8°
13.871,-110.4°
13.903,-109.0°
13.936,-107.7°
13.969,-106.3°
14.002,-105.0°
14.035,-103.7°
14.070,-102.3°
14.101,-101.2°
14.135,-99.9°
14.167,-98.6°
14.200,-97.4°
14.234,-96.1°
14.269,-94.8°
14.300,-93.5°
14.333,-92.3°
14.366,-91.1°
14.400,-90.0°
14.434,-88.8°
14.468,-87.6°
14.499,-86.4°
14.532,-85.4°
14.565,-84.2°
14.597,-82.9°
14.631,-81.8°
14.664,-80.6°
14.698,-79.6°
14.731,-78.7°
14.764,-77.4°
14.797,-76.1°
14.832,-74.9°
14.863,-74.0°
14.897,-72.8°
14.931,-71.8°
14.962,-71.0°
14.996,-69.9°
15.029,-68.7°
15.062,-67.6°
15.095,-66.6°
15.127,-65.6°
15.161,-64.6°
15.194,-63.6°
15.230,-62.7°
15.261,-61.7°
15.295,-60.7°
15.327,-59.7°
15.359,-58.6°
15.397,-57.6°
15.426,-56.6°
15.460,-55.7°
15.494,-54.9°
15.526,-53.6°
15.558,-52.8°
15.591,-52.0°
15.625,-50.7°
15.657,-50.0°
15.691,-49.0°
15.725,-47.9°
15.756,-46.8°
15.791,-46.0°
15.822,-45.3°
15.856,-44.2°
15.889,-43.5°
15.922,-42.7°
15.956,-41.6°
15.989,-40.5°
16.023,-40.0°
16.056,-38.8°
16.088,-38.1°
16.121,-37.2°
16.153,-36.1°
16.187,-35.4°
16.220,-34.5°
16.253,-33.7°
16.288,-32.8°
16.321,-31.8°
16.354,-30.8°
16.387,-29.8°
16.420,-29.3°
16.457,-28.4°
16.486,-27.6°
16.518,-26.7°
16.551,-25.8°
16.584,-24.9°
16.617,-23.9°
16.653,-23.0°
16.683,-22.4°
16.717,-21.5°
16.750,-20.6°
16.783,-19.9°
16.816,-19.1°
16.850,-18.2°
16.883,-17.4°
16.922,-16.4°
16.950,-15.5°
16.981,-14.7°
17.015,-14.0°
17.047,-13.2°
17.080,-12.4°
17.114,-11.4°
17.150,-10.6°
17.183,-10.0°
17.214,-9.2°
17.247,-8.3°
17.279,-7.5°
17.312,-6.6°
17.345,-5.8°
17.379,-5.0°
17.411,-4.3°
17.445,-3.5°
17.479,-2.7°
17.511,-1.9°
17.544,-1.1°
17.577,-0.2°
17.611,0.4°
17.644,1.2°
17.677,2.1°
17.710,2.9°
17.743,3.8°
17.777,4.6°
17.812,5.4°
17.842,6.3°
17.876,7.1°
17.908,7.7°
17.941,8.6°
17.976,9.2°
18.009,10.1°
18.042,10.9°
18.077,11.7°
18.110,12.6°
18.142,13.4°
18.175,14.1°
18.206,15.0°
18.239,15.7°
18.274,16.4°
18.307,17.3°
18.339,18.1°
18.373,18.9°
18.405,19.6°
18.438,20.4°
18.471,21.0°
18.506,21.9°
18.538,22.7°
18.570,23.4°
18.604,24.2°
18.637,25.0°
18.671,25.7°
18.705,26.6°
18.737,27.2°
18.770,28.0°
18.804,28.8°
18.837,29.5°
18.870,30.4°
18.901,31.1°
18.936,32.0°
18.969,32.7°
19.002,33.5°
19.035,34.2°
19.067,35.0°
19.100,35.8°
19.133,36.4°
19.167,37.2°
19.200,37.9°
19.234,38.6°
19.265,39.3°
19.298,40.3°
19.332,40.9°
19.366,41.7°
19.398,42.6°
19.431,43.2°
19.464,43.9°
19.497,44.9°
19.530,45.6°
19.565,46.3°
19.597,46.9°
19.630,47.8°
19.662,48.5°
19.696,49.1°
19.729,50.2°
19.762,50.9°
19.796,51.7°
19.828,52.5°
19.861,53.2°
19.894,54.0°
19.932,54.7°
19.961,55.5°
19.994,56.4°
20.027,57.1°
20.060,58.0°
20.093,58.8°
20.126,59.7°
20.159,60.5°
20.199,61.4°
20.225,62.2°
20.260,62.7°
20.293,63.6°
20.325,64.4°
20.358,65.3°
20.391,66.0°
20.425,66.7°
20.457,67.7°
20.491,68.4°
20.524,69.2°
20.557,70.1°
20.591,70.8°
20.623,71.7°
20.656,72.6°
20.689,73.3°
20.722,74.2°
20.756,74.9°
20.790,75.7°
20.823,76.5°
20.855,77.3°
20.889,78.3°
20.921,79.1°
20.954,79.8°
20.987,80.6°
21.021,81.4°
21.053,82.2°
21.093,83.0°
21.123,83.9°
21.152,84.7°
21.186,85.4°
21.219,86.2°
21.252,87.1°
21.286,87.9°
21.318,88.8°
21.351,89.6°
21.384,90.5°
21.418,91.3°
21.451,91.9°
21.488,92.7°
21.517,93.4°
21.551,94.3°
21.583,95.1°
21.617,95.9°
21.649,96.7°
21.682,97.4°
21.716,98.5°
21.749,99.3°
21.781,99.9°
21.815,100.4°
21.848,101.7°
21.883,102.5°
21.915,103.2°
21.947,104.1°
21.981,104.9°
22.016,105.7°
22.046,106.6°
22.079,107.5°
22.113,108.2°
22.146,109.1°
22.178,109.8°
22.211,110.6°
22.247,111.3°
22.278,112.2°
22.311,113.0°
22.346,113.9°
22.377,114.7°
22.411,115.5°
22.444,116.4°
22.477,117.0°
22.516,117.8°
22.544,118.8°
22.578,119.6°
22.610,120.3°
22.642,121.1°
22.677,122.0°
22.710,122.9°
22.742,123.7°
22.776,124.4°
22.808,125.2°
22.841,126.0°
22.874,126.9°
22.907,127.5°
22.940,128.2°
22.973,129.1°
23.007,129.7°
23.040,130.5°
23.074,131.4°
23.105,132.2°
23.140,133.0°
23.172,133.8°
23.205,134.5°
23.239,135.4°
23.274,136.1°
23.304,136.8°
23.338,137.5°
23.371,138.2°
23.404,139.0°
23.437,139.9°
23.470,140.6°
23.504,141.4°
23.537,142.1°
23.569,142.9°
23.602,143.6°
23.635,144.4°
23.670,145.1°
23.705,145.8°
23.735,146.6°
23.767,147.3°
23.801,148.1°
23.835,148.9°
23.867,149.7°
23.900,150.5°
23.933,151.2°
23.966,152.1°
24.000,152.7°
24.033,153.5°
24.067,154.2°
24.099,155.0°
24.133,155.9°
24.166,156.5°
24.200,157.3°
24.231,158.2°
24.267,158.8°
24.297,159.6°
24.330,160.5°
24.364,161.2°
24.398,162.0°
24.430,162.6°
24.463,163.4°
24.496,164.1°
24.530,164.9°
24.562,165.6°
24.597,166.4°
24.630,167.2°
24.662,167.9°
24.695,168.7°
24.730,169.4°
24.764,170.3°
24.794,171.1°
24.827,171.6°
24.860,172.3°
24.893,173.0°
24.926,173.8°
24.960,174.6°
24.993,175.4°
25.026,176.2°
25.059,176.9°
25.093,177.6°
25.125,178.3°
25.161,179.1°
25.192,179.9°
25.224,-179.4°
25.259,-178.5°
25.292,-177.7°
25.324,-177.0°
25.357,-176.4°
25.392,-175.6°
25.423,-174.7°
25.456,-174.0°
25.491,-173.3°
25.522,-172.7°
25.556,-171.9°
25.589,-171.1°
25.622,-170.4°
25.654,-169.6°
25.688,-168.9°
25.721,-168.2°
25.759,-167.4°
25.787,-166.5°
25.820,-165.6°
25.853,-165.0°
25.886,-164.3°
25.920,-163.4°
25.953,-162.6°
25.987,-161.9°
26.020,-161.3°
26.054,-160.5°
26.085,-159.7°
26.119,-159.0°
26.151,-158.2°
26.184,-157.3°
26.220,-156.7°
26.252,-155.9°
26.283,-155.1°
26.317,-154.4°
26.350,-153.5°
26.384,-152.9°
26.416,-152.1°
26.449,-151.3°
26.483,-150.5°
26.516,-149.7°
26.548,-149.0°
26.583,-148.2°
26.615,-147.4°
26.647,-146.6°
26.682,-145.8°
26.715,-145.2°
26.750,-144.4°
26.781,-143.7°
26.813,-143.0°
26.847,-142.2°
26.879,-141.4°
26.913,-140.8°
26.946,-139.8°
26.979,-139.1°
27.016,-138.4°
27.045,-137.5°
27.078,-136.9°
27.111,-136.2°
27.144,-135.2°
27.178,-134.6°
27.211,-133.8°
27.243,-133.0°
27.277,-132.3°
27.311,-131.6°
27.342,-130.6°
27.377,-129.9°
27.408,-129.1°
27.442,-128.4°
27.476,-127.7°
27.510,-126.9°
27.541,-126.2°
27.575,-125.3°
27.609,-124.6°
27.642,-123.7°
27.675,-123.0°
27.710,-122.2°
27.740,-121.5°
27.774,-120.6°
27.806,-119.7°
27.840,-119.2°
27.874,-118.3°
27.906,-117.6°
27.943,-116.8°
27.973,-116.2°
28.005,-115.4°
28.039,-114.4°
28.072,-113.8°
28.105,-113.0°
28.137,-112.1°
28.171,-111.5°
28.204,-110.6°
28.238,-109.8°
28.269,-109.1°
28.304,-108.3°
28.337,-107.5°
28.370,-106.6°
28.403,-106.0°
28.435,-105.2°
28.468,-104.4°
28.501,-103.5°
28.535,-102.8°
28.569,-102.1°
28.601,-101.3°
28.635,-100.5°
28.670,-99.8°
28.700,-98.9°
28.734,-98.2°
28.769,-97.4°
28.799,-96.4°
28.835,-95.7°
28.866,-94.9°
28.899,-94.2°
28.933,-93.4°
28.966,-92.5°
28.998,-91.7°
29.031,-91.0°
29.064,-90.1°
29.098,-89.3°
29.131,-88.5°
29.166,-87.7°
29.198,-86.9°
29.230,-86.1°
29.263,-85.3°
29.297,-84.5°
29.328,-83.8°
29.362,-83.0°
29.396,-82.2°
29.430,-81.3°
29.461,-80.4°
29.495,-79.6°
29.528,-79.0°
29.561,-78.0°
29.594,-77.2°
29.627,-76.3°
29.661,-75.5°
29.693,-74.5°
29.726,-73.9°
29.759,-73.1°
29.795,-72.3°
29.826,-71.4°
29.859,-70.5°
29.892,-69.9°
29.929,-69.0°
29.959,-68.0°
29.991,-67.5°
30.026,-66.5°
30.059,-65.7°
30.091,-65.2°
30.124,-64.2°
30.158,-63.4°
30.190,-62.6°
30.224,-61.7°
30.257,-60.8°
30.289,-59.9°
30.322,-59.5°
30.355,-58.5°
30.390,-57.8°
30.421,-56.7°
30.455,-56.3°
30.488,-55.1°
30.521,-54.6°
30.554,-53.5°
30.587,-53.2°
30.620,-52.1°
30.655,-51.3°
30.691,-50.6°
30.720,-49.5°
30.753,-49.0°
30.786,-47.9°
30.819,-47.2°
30.852,-46.6°
30.885,-45.5°
30.919,-45.2°
30.951,-44.2°
30.984,-43.0°
31.021,-42.8°
31.051,-41.7°
31.083,-40.8°
31.116,-40.4°
31.150,-39.5°
31.183,-38.5°
31.216,-37.5°
31.249,-37.2°
31.282,-36.2°
31.318,-35.3°
31.352,-34.3°
31.382,-34.0°
31.416,-32.9°
31.448,-32.1°
31.482,-31.1°
31.514,-30.2°
31.547,-29.4°
31.580,-28.9°
31.614,-28.0°
31.647,-27.2°
31.679,-26.2°
31.713,-25.3°
31.746,-24.9°
31.780,-24.0°
31.813,-23.2°
31.845,-22.4°
31.878,-21.4°
31.912,-20.6°
31.944,-19.7°
31.978,-19.1°
32.010,-18.4°
32.045,-17.7°
32.077,-16.7°
32.110,-15.9°
32.144,-15.1°
32.177,-14.4°
32.208,-13.4°
32.242,-12.4°
32.275,-11.8°
32.310,-11.2°
32.342,-10.5°
32.375,-9.6°
32.408,-8.8°
32.441,-8.0°
32.475,-7.1°
32.507,-6.3°
32.540,-5.6°
32.573,-4.9°
32.608,-4.1°
32.640,-3.2°
32.673,-2.5°
32.706,-1.8°
32.740,-0.9°
32.772,-0.1°
32.810,0.7°
32.838,1.5°
32.871,2.2°
32.905,3.0°
32.938,3.8°
32.971,4.6°
33.003,5.4°
33.037,6.2°
33.070,7.0°
33.105,7.7°
33.136,8.5°
33.169,9.3°
33.203,10.0°
33.236,10.8°
33.268,11.7°
33.302,12.4°
33.336,13.2°
33.375,14.0°
33.401,14.9°
33.434,15.6°
33.467,16.5°
33.500,17.1°
33.535,18.0°
33.567,18.7°
33.600,19.6°
33.633,20.3°
33.665,21.2°
33.699,21.8°
33.733,22.6°
33.764,23.5°
33.798,24.1°
33.833,25.0°
33.865,25.8°
33.898,26.6°
33.932,27.5°
33.965,28.2°
33.997,29.0°
34.030,29.6°
34.063,30.5°
34.096,31.2°
34.130,32.1°
34.163,32.8°
34.202,33.6°
34.229,34.4°
34.261,35.1°
34.296,35.8°
34.329,36.5°
34.362,37.4°
34.397,38.0°
34.426,39.1°
34.460,39.8°
34.493,40.7°
34.527,41.4°
34.559,42.0°
34.592,43.1°
34.626,43.8°
34.659,44.5°
34.692,45.6°
34.725,46.3°
34.758,46.9°
34.792,47.8°
34.824,48.4°
34.858,49.1°
34.891,50.2°
34.924,50.9°
34.958,51.8°
34.990,52.5°
35.024,53.3°
35.056,54.1°
35.089,54.8°
35.123,55.6°
35.158,56.5°
35.192,57.2°
35.222,58.1°
35.255,59.0°
35.289,59.9°
35.321,60.7°
35.354,61.6°
35.388,62.5°
35.422,63.4°
35.454,63.9°
35.486,64.7°
35.520,65.6°
35.554,66.5°
35.587,67.2°
35.619,68.0°
35.653,69.1°
35.686,69.6°
35.719,70.6°
35.752,71.5°
35.785,72.1°
35.819,73.1°
35.850,73.8°
35.883,74.8°
35.918,75.5°
35.951,76.4°
35.983,77.2°
36.016,78.1°
36.050,79.0°
36.082,79.8°
36.116,80.4°
36.148,81.2°
36.183,82.1°
36.215,82.9°
36.250,83.8°
36.281,84.5°
36.314,85.3°
36.348,86.2°
36.380,87.1°
36.413,87.9°
36.446,88.8°
36.479,89.7°
36.513,90.5°
36.547,91.4°
36.581,92.2°
36.613,93.1°
36.646,93.7°
36.679,94.6°
36.712,95.4°
36.745,96.2°
36.779,97.0°
36.811,97.7°
36.846,98.6°
36.880,99.4°
36.911,100.4°
36.943,101.1°
36.976,102.0°
37.010,102.9°
37.042,103.7°
37.077,104.5°
37.109,105.5°
37.141,106.1°
37.175,107.0°
37.207,107.8°
37.244,108.6°
37.275,109.4°
37.307,110.3°
37.341,111.2°
37.373,111.9°
37.407,112.8°
37.439,113.5°
37.473,114.3°
37.506,115.1°
37.539,115.9°
37.572,116.8°
37.606,117.7°
37.638,118.4°
37.672,119.2°
37.705,119.9°
37.738,120.9°
37.771,121.7°
37.805,122.4°
37.837,123.3°
37.872,124.0°
37.903,125.0°
37.936,125.6°
37.970,126.5°
38.003,127.2°
38.036,128.1°
38.068,128.8°
38.102,129.5°
38.135,130.4°
38.168,131.1°
38.201,132.0°
38.234,132.8°
38.267,133.5°
38.303,134.4°
38.334,135.2°
38.366,135.9°
38.400,136.7°
38.433,137.6°
38.468,138.3°
38.499,139.0°
38.532,139.7°
38.567,140.6°
38.598,141.5°
38.632,142.2°
38.666,143.0°
38.698,143.8°
38.730,144.5°
38.764,145.2°
38.797,146.0°
38.831,146.7°
38.863,147.6°
38.897,148.4°
38.928,149.2°
38.963,150.1°
38.996,150.9°
39.029,151.6°
39.062,152.4°
39.094,153.2°
39.130,154.1°
39.160,154.7°
39.194,155.5°
39.227,156.3°
39.260,157.0°
39.295,157.8°
39.329,158.7°
39.359,159.4°
39.393,160.2°
39.426,161.0°
39.460,161.7°
39.493,162.5°
39.531,163.3°
39.559,164.1°
39.593,164.7°
39.625,165.6°
39.657,166.4°
39.691,167.2°
39.723,167.9°
39.757,168.6°
39.790,169.4°
39.823,170.4°
39.856,171.1°
39.889,171.8°
39.922,172.5°
39.955,173.2°
39.988,174.0°
40.024,174.7°
40.055,175.5°
40.089,176.3°
40.122,177.1°
40.154,177.9°
40.188,178.6°
40.221,179.3°
40.253,-179.9°
40.288,-179.0°
40.320,-178.2°
40.354,-177.5°
40.386,-176.8°
40.418,-176.0°
40.452,-175.1°
40.485,-174.2°
40.518,-173.5°
40.553,-173.0°
40.584,-172.2°
40.618,-171.3°
40.653,-170.5°
40.686,-169.9°
40.717,-169.0°
40.750,-168.2°
40.783,-167.4°
40.816,-166.6°
40.848,-165.8°
40.882,-165.1°
40.915,-164.2°
40.950,-163.4°
40.981,-162.7°
41.015,-161.9°
41.047,-161.3°
41.081,-160.5°
41.114,-159.6°
41.149,-158.9°
41.181,-158.1°
41.214,-157.3°
41.247,-156.6°
41.281,-155.8°
41.312,-155.0°
41.346,-154.2°
41.380,-153.4°
41.412,-152.8°
41.445,-152.0°
41.478,-151.1°
41.511,-150.3°
41.546,-149.6°
41.578,-148.8°
41.612,-148.0°
41.647,-147.2°
41.677,-146.5°
41.710,-145.7°
41.744,-145.0°
41.778,-144.2°
41.809,-143.6°
41.844,-142.7°
41.875,-142.0°
41.908,-141.0°
41.944,-140.3°
41.975,-139.6°
42.010,-138.8°
42.041,-138.1°
42.076,-137.2°
42.110,-136.4°
42.144,-135.7°
42.173,-135.0°
42.206,-134.0°
42.240,-133.4°
42.274,-132.6°
42.306,-131.8°
42.339,-131.1°
42.374,-130.4°
42.405,-129.6°
42.440,-128.9°
42.471,-128.2°
42.505,-127.4°
42.538,-126.7°
42.571,-125.9°
42.604,-125.1°
42.637,-124.3°
42.670,-123.5°
42.706,-122.7°
42.736,-121.9°
42.769,-121.1°
42.803,-120.3°
42.836,-119.6°
42.868,-118.7°
42.902,-118.0°
42.935,-117.2°
42.968,-116.4°
43.000,-115.6°
43.033,-114.8°
43.069,-114.0°
43.100,-113.1°
43.134,-112.2°
43.167,-111.5°
43.200,-110.7°
43.232,-109.8°
43.266,-109.2°
43.299,-108.3°
43.339,-107.5°
43.365,-106.6°
43.398,-105.8°
43.432,-105.0°
43.464,-104.2°
43.498,-103.3°
43.531,-102.6°
43.564,-101.8°
43.598,-101.1°
43.630,-100.3°
43.664,-99.5°
43.697,-98.6°
43.731,-97.8°
43.763,-96.8°
43.796,-96.1°
43.828,-95.3°
43.861,-94.5°
43.895,-93.6°
43.931,-92.7°
43.961,-91.9°
43.994,-91.2°
44.027,-90.4°
44.060,-89.6°
44.093,-88.8°
44.126,-87.9°
44.160,-87.0°
44.193,-86.3°
44.225,-85.5°
44.259,-84.7°
44.292,-83.9°
44.325,-83.1°
44.359,-82.2°
44.392,-81.3°
44.424,-80.5°
44.459,-79.7°
44.490,-79.1°
44.525,-78.1°
44.559,-77.3°
44.591,-76.3°
44.622,-75.6°
44.657,-74.7°
44.689,-74.0°
44.725,-73.1°
44.755,-72.4°
44.789,-71.6°
44.821,-70.6°
44.855,-69.9°
44.888,-69.0°
44.921,-68.1°
44.954,-67.5°
44.988,-66.6°
45.020,-65.7°
45.053,-64.9°
45.087,-64.0°
45.120,-63.1°
45.154,-62.2°
45.186,-61.6°
45.220,-60.7°
45.252,-59.9°
45.285,-59.1°
45.319,-58.2°
45.351,-57.4°
45.384,-56.6°
45.418,-55.8°
45.451,-55.0°
45.486,-54.2°
45.525,-53.4°
45.552,-52.7°
45.589,-51.6°
45.621,-50.9°
45.660,-50.0°
45.685,-48.9°
45.718,-48.5°
45.761,-47.5°
45.798,-46.6°
45.826,-46.0°
45.854,-45.0°
45.896,-44.1°
45.921,-43.6°
45.953,-42.6°
45.986,-41.8°
46.017,-41.2°
46.047,-40.1°
46.082,-39.2°
46.117,-38.5°
46.151,-37.5°
46.181,-36.9°
46.223,-35.9°
46.252,-35.4°
46.285,-34.2°
46.328,-33.7°
46.353,-32.6°
46.461,-30.0°
46.495,-29.2°
46.520,-28.2°
46.550,-27.4°
46.579,-26.7°
46.617,-25.7°
46.681,-24.2°
46.712,-23.4°
46.745,-22.4°
46.778,-21.4°
46.813,-20.9°
46.844,-19.9°
46.888,-19.1°
46.909,-18.3°
46.978,-16.7°
47.008,-15.9°
47.112,-15.1°
47.142,-13.3°
47.175,-12.4°
47.241,-11.6°
47.274,-10.3°
47.375,-9.2°
47.443,-6.9°
47.473,-5.3°
47.506,-4.5°
47.541,-3.6°
47.586,-2.8°
47.604,-1.9°
47.640,-1.0°
47.675,-0.2°
47.707,0.7°
47.742,1.4°
47.780,2.1°
47.811,3.0°
47.838,3.8°
47.876,4.7°
47.908,5.5°
47.940,6.4°
47.979,7.0°
48.009,7.8°
48.038,8.6°
48.067,9.5°
48.102,10.3°
48.140,11.2°
48.173,12.0°
48.201,12.6°
48.240,13.6°
48.269,14.4°
48.304,15.3°
48.341,16.1°
48.373,16.8°
48.400,17.7°
48.438,18.4°
48.481,19.3°
48.500,20.0°
48.535,20.8°
48.565,21.5°
48.599,22.4°
48.633,23.2°
48.664,24.0°
48.698,24.9°
48.737,25.6°
48.764,26.4°
48.799,27.2°
48.833,28.0°
48.863,28.9°
48.900,29.5°
48.940,30.3°
48.961,31.2°
49.003,32.1°
49.029,32.8°
49.061,33.4°
49.093,34.3°
49.131,35.2°
49.159,35.8°
49.193,36.5°
49.225,37.4°
49.260,38.5°
49.291,38.7°
49.327,39.8°
49.359,40.7°
49.402,41.4°
49.439,42.1°
49.461,43.2°
49.496,43.8°
49.527,44.5°
49.558,45.6°
49.589,46.3°
49.623,46.9°
49.656,48.1°
49.688,48.9°
49.723,49.6°
49.757,50.3°
49.792,51.2°
49.822,51.9°
49.853,52.6°
49.887,53.8°
49.922,54.6°
49.958,55.5°
49.988,56.2°
50.020,57.1°
50.056,57.9°
50.089,58.8°
50.121,59.7°
50.153,60.6°
50.185,61.5°
50.219,62.5°
50.251,62.8°
50.285,63.7°
50.317,64.6°
50.353,65.6°
50.384,66.5°
50.418,67.3°
50.452,68.1°
50.484,69.2°
50.517,70.1°
50.551,70.7°
50.583,71.7°
50.618,72.2°
50.649,73.2°
50.681,74.0°
50.719,74.9°
50.750,75.7°
50.781,76.7°
50.819,77.5°
50.849,78.5°
50.880,79.3°
50.914,80.1°
50.948,81.0°
50.980,81.8°
51.015,82.7°
51.046,83.6°
51.078,84.4°
51.112,85.3°
51.144,86.2°
51.178,87.1°
51.212,88.0°
51.243,88.8°
51.278,89.7°
51.315,90.6°
51.346,91.5°
51.380,92.3°
51.410,93.2°
51.442,94.0°
51.476,94.9°
51.509,95.8°
51.542,96.6°
51.574,97.5°
51.610,98.0°
51.642,99.1°
51.675,99.7°
51.711,100.8°
51.742,101.6°
51.781,102.5°
51.813,103.3°
51.841,104.1°
51.876,105.0°
51.910,106.0°
51.944,106.9°
51.978,107.7°
52.007,108.5°
52.041,109.3°
52.074,110.2°
52.105,111.1°
52.140,111.9°
52.172,112.8°
52.205,113.7°
52.238,114.4°
52.271,115.2°
52.304,116.2°
52.338,117.0°
52.372,117.8°
52.403,118.7°
52.436,119.6°
52.469,120.4°
52.501,121.2°
52.536,122.1°
52.570,122.9°
52.608,123.8°
52.639,124.7°
52.671,125.4°
52.703,126.2°
52.736,127.1°
52.767,128.0°
52.801,128.8°
52.832,129.5°
52.867,130.4°
52.902,131.1°
52.932,132.1°
52.966,132.9°
52.999,133.8°
53.031,134.6°
53.065,135.5°
53.100,136.2°
53.131,137.0°
53.164,137.9°
53.197,138.6°
53.231,139.5°
53.263,140.2°
53.297,140.9°
53.330,141.9°
53.362,142.8°
53.396,143.5°
53.429,144.3°
53.463,145.1°
53.495,146.0°
53.533,146.7°
53.562,147.4°
53.594,148.3°
53.627,149.2°
53.660,150.1°
53.693,151.0°
53.728,151.7°
53.762,152.5°
53.801,153.3°
53.832,154.2°
53.861,155.0°
53.901,155.9°
53.926,156.5°
53.959,157.4°
53.992,158.3°
54.026,158.9°
54.057,159.8°
54.091,160.7°
54.126,161.5°
54.158,162.3°
54.200,163.2°
54.223,164.0°
54.257,164.7°
54.289,165.5°
54.323,166.4°
54.356,167.2°
54.389,168.0°
54.422,168.8°
54.455,169.6°
54.490,170.4°
54.521,171.2°
54.555,172.0°
54.587,172.8°
54.621,173.7°
54.654,174.5°
54.686,175.3°
54.720,176.0°
54.753,176.9°
54.786,177.7°
54.819,178.5°
54.854,179.3°
54.887,-179.8°
54.920,-179.0°
54.953,-178.1°
54.986,-177.3°
55.018,-176.4°
55.053,-175.5°
55.084,-174.6°
55.117,-173.8°
55.151,-173.0°
55.184,-172.1°
55.219,-171.3°
55.251,-170.4°
55.284,-169.7°
55.317,-168.9°
55.352,-168.1°
55.383,-167.3°
55.418,-166.3°
55.451,-165.5°
55.482,-164.6°
55.515,-163.8°
55.549,-162.9°
55.583,-162.1°
55.614,-161.4°
55.647,-160.5°
55.680,-159.8°
55.714,-159.0°
55.747,-158.2°
55.780,-157.3°
55.814,-156.5°
55.847,-155.6°
55.879,-154.9°
55.912,-154.1°
55.946,-153.2°
55.978,-152.5°
56.012,-151.6°
56.045,-150.7°
56.077,-149.9°
56.111,-149.1°
56.143,-148.2°
56.178,-147.5°
56.210,-146.6°
56.243,-145.9°
56.276,-145.1°
56.308,-144.3°
56.343,-143.5°
56.376,-142.8°
56.411,-142.1°
56.441,-141.1°
56.474,-140.3°
56.509,-139.6°
56.540,-138.8°
56.573,-138.1°
56.607,-137.1°
56.640,-136.4°
56.673,-135.7°
56.708,-134.7°
56.739,-133.9°
56.776,-133.3°
56.806,-132.4°
56.841,-131.7°
56.872,-130.6°
56.905,-129.9°
56.938,-129.1°
56.971,-128.4°
57.005,-127.7°
57.039,-126.8°
57.071,-126.1°
57.104,-125.2°
57.138,-124.5°
57.171,-123.6°
57.202,-122.7°
57.236,-122.0°
57.270,-121.1°
57.303,-120.3°
57.336,-119.5°
57.368,-118.6°
57.402,-117.7°
57.436,-116.9°
57.469,-116.2°
57.500,-115.3°
57.533,-114.4°
57.572,-113.6°
57.600,-112.9°
57.635,-112.0°
57.666,-111.2°
57.699,-110.2°
57.732,-109.5°
57.766,-108.5°
57.799,-107.8°
57.833,-106.9°
57.866,-106.1°
57.898,-105.2°
57.932,-104.5°
57.964,-103.5°
57.998,-102.7°
58.030,-102.0°
58.063,-101.2°
58.096,-100.3°
58.130,-99.5°
58.163,-98.7°
58.197,-97.8°
58.230,-96.9°
58.262,-96.1°
58.296,-95.3°
58.330,-94.4°
58.361,-93.6°
58.394,-92.7°
58.431,-91.8°
58.460,-91.0°
58.494,-90.1°
58.530,-89.2°
58.560,-88.3°
58.593,-87.4°
58.626,-86.6°
58.660,-85.7°
58.695,-84.8°
58.727,-84.0°
58.760,-83.3°
58.794,-82.6°
58.825,-81.7°
58.857,-80.8°
58.893,-79.9°
58.923,-79.1°
58.957,-78.1°
58.992,-77.3°
59.024,-76.3°
59.058,-75.5°
59.091,-74.5°
59.122,-73.7°
59.155,-72.8°
59.189,-72.3°
59.224,-71.3°
59.254,-70.4°
59.288,-69.7°
59.321,-68.7°
59.355,-67.6°
59.388,-67.1°
59.420,-66.2°
59.454,-65.2°
59.488,-64.3°
59.520,-63.4°
59.554,-62.6°
59.586,-61.7°
59.619,-60.8°
59.652,-59.8°
59.686,-59.0°
59.719,-58.2°
59.751,-57.3°
59.784,-56.5°
59.817,-55.6°
59.851,-54.8°
59.884,-54.0°
59.917,-53.3°
59.950,-52.2°
59.984,-51.3°
60.017,-50.6°
60.051,-49.8°
60.084,-48.7°
60.116,-47.8°
60.149,-47.2°
60.182,-46.1°
60.216,-45.3°
60.248,-44.6°
60.282,-43.6°
60.316,-42.8°
60.348,-41.9°
60.381,-41.2°
60.414,-40.1°
60.447,-39.4°
60.482,-38.5°
60.514,-37.4°
60.547,-36.7°
60.579,-35.8°
60.613,-35.1°
60.645,-34.2°
60.680,-33.2°
60.712,-32.2°
60.745,-31.2°
60.779,-30.3°
60.811,-29.6°
60.845,-28.6°
60.878,-27.7°
60.911,-27.2°
60.943,-26.2°
60.976,-25.3°
61.009,-24.3°
61.043,-23.4°
61.076,-22.8°
61.108,-21.9°
61.142,-20.9°
61.176,-20.0°
61.210,-19.2°
61.247,-18.3°
61.275,-17.6°
61.308,-16.6°
61.340,-15.8°
61.377,-15.0°
61.408,-14.2°
61.441,-13.2°
61.473,-12.2°
61.506,-11.5°
61.540,-10.6°
61.573,-9.7°
61.606,-8.9°
61.640,-8.0°
61.675,-7.1°
61.706,-6.2°
61.738,-5.4°
61.771,-4.5°
61.804,-3.6°
61.839,-2.8°
61.873,-1.9°
61.905,-1.0°
61.937,-0.1°
61.969,0.7°
62.002,1.6°
62.037,2.5°
62.068,3.4°
62.102,4.2°
62.135,5.1°
62.168,6.0°
62.201,6.8°
62.235,7.7°
62.271,8.5°
62.302,9.2°
62.339,10.1°
62.369,10.9°
62.401,11.7°
62.438,12.6°
62.468,13.5°
62.499,14.4°
62.532,15.3°
62.566,16.2°
62.598,17.1°
62.633,17.8°
62.665,18.6°
62.700,19.5°
62.733,20.3°
62.766,21.1°
62.797,21.9°
62.830,22.7°
62.863,23.6°
62.898,24.4°
62.932,25.4°
62.963,26.0°
62.996,26.9°
63.029,27.8°
63.062,28.6°
63.095,29.5°
63.127,30.4°
63.162,31.1°
63.197,32.0°
63.229,32.9°
63.261,33.6°
63.296,34.5°
63.327,35.2°
63.360,36.0°
63.393,36.8°
63.426,37.4°
63.460,38.4°
63.492,39.2°
63.530,40.1°
63.559,40.8°
63.593,41.4°
63.624,42.5°
63.658,43.2°
63.691,43.9°
63.724,45.0°
63.757,45.7°
63.791,46.3°
63.824,47.5°
63.858,48.1°
63.890,48.9°
63.922,49.7°
63.956,50.4°
63.988,51.6°
64.021,52.4°
64.055,53.1°
64.087,54.0°
64.125,54.7°
64.154,55.6°
64.188,56.4°
64.220,57.3°
64.254,58.1°
64.287,59.0°
64.322,60.0°
64.353,60.8°
64.386,61.7°
64.420,62.6°
64.452,63.6°
64.486,64.5°
64.519,65.5°
64.552,66.0°
64.584,66.9°
64.618,67.9°
64.653,68.9°
64.686,69.4°
64.717,70.5°
64.751,71.5°
64.784,72.2°
64.818,73.2°
64.852,73.9°
64.883,74.9°
64.916,75.6°
64.949,76.7°
64.982,77.4°
65.015,78.5°
65.051,79.2°
65.081,80.1°
65.115,81.0°
65.149,81.8°
65.183,82.7°
65.214,83.6°
65.247,84.4°
65.280,85.3°
65.313,86.2°
65.346,87.1°
65.380,88.0°
65.414,88.8°
65.448,89.7°
65.480,90.6°
65.514,91.5°
65.546,92.3°
65.579,93.2°
65.611,94.0°
65.645,94.9°
65.678,95.8°
65.711,96.6°
65.745,97.5°
65.778,98.0°
65.811,99.2°
65.843,99.7°
65.876,100.9°
65.908,101.6°
65.942,102.6°
65.975,103.3°
66.009,104.2°
66.043,105.1°
66.075,106.0°
66.110,106.9°
66.141,107.8°
66.177,108.6°
66.209,109.5°
66.242,110.4°
66.275,111.2°
66.306,112.0°
66.340,112.9°
66.376,113.9°
66.410,114.8°
66.439,115.5°
66.472,116.4°
66.506,117.1°
66.538,118.1°
66.572,118.9°
66.604,119.8°
66.638,120.7°
66.672,121.4°
66.704,122.3°
66.740,123.1°
66.769,123.9°
66.804,124.9°
66.837,125.8°
66.870,126.6°
66.903,127.4°
66.935,128.2°
66.968,129.1°
67.004,129.8°
67.036,130.5°
67.071,131.5°
67.102,132.5°
67.133,133.2°
67.167,134.0°
67.199,134.9°
67.233,135.7°
67.266,136.6°
67.299,137.4°
67.334,138.1°
67.365,139.0°
67.398,140.0°
67.431,140.7°
67.465,141.5°
67.498,142.5°
67.534,143.3°
67.564,144.1°
67.597,144.8°
67.630,145.7°
67.663,146.5°
67.696,147.3°
67.730,148.1°
67.762,148.9°
67.798,149.8°
67.830,150.7°
67.862,151.5°
67.896,152.4°
67.928,153.1°
67.962,154.0°
67.994,154.8°
68.027,155.6°
68.060,156.4°
68.094,157.3°
68.127,158.2°
68.160,158.8°
68.193,159.7°
68.227,160.6°
68.259,161.4°
68.296,162.2°
68.325,163.0°
68.359,163.8°
68.392,164.7°
68.425,165.5°
68.458,166.4°
68.491,167.2°
68.526,168.0°
68.559,169.0°
68.590,169.8°
68.624,170.6°
68.656,171.5°
68.690,172.4°
68.723,173.1°
68.757,173.8°
68.789,174.6°
68.822,175.3°
68.855,176.1°
68.890,176.9°
68.922,177.7°
68.955,178.5°
68.987,179.4°
69.022,-179.8°
69.054,-178.9°
69.086,-178.1°
69.121,-177.2°
69.153,-176.3°
69.191,-175.5°
69.220,-174.6°
69.253,-173.8°
69.286,-172.9°
69.320,-172.1°
69.352,-171.3°
69.386,-170.4°
69.418,-169.5°
69.451,-168.8°
69.484,-168.0°
69.517,-167.2°
69.550,-166.4°
69.583,-165.5°
69.617,-164.6°
69.649,-163.8°
69.684,-162.9°
69.717,-162.1°
69.750,-161.4°
69.787,-160.5°
69.816,-159.7°
69.848,-158.9°
69.881,-158.1°
69.917,-157.2°
69.948,-156.4°
69.980,-155.5°
70.015,-154.7°
70.047,-153.9°
70.080,-153.0°
70.113,-152.3°
70.146,-151.5°
70.180,-150.6°
70.213,-149.8°
70.246,-149.0°
70.279,-148.1°
70.312,-147.3°
70.345,-146.5°
70.377,-145.7°
70.411,-145.0°
70.445,-144.2°
70.477,-143.4°
70.512,-142.7°
70.544,-141.7°
70.578,-140.9°
70.610,-140.1°
70.645,-139.3°
70.676,-138.4°
70.709,-137.6°
70.742,-136.9°
70.776,-135.9°
70.810,-135.2°
70.841,-134.5°
70.875,-133.5°
70.907,-132.8°
70.940,-132.0°
70.976,-131.1°
71.011,-130.5°
71.041,-129.4°
71.073,-128.8°
71.110,-127.9°
71.140,-127.1°
71.175,-126.3°
71.206,-125.6°
71.240,-124.7°
71.276,-123.8°
71.305,-123.1°
71.338,-122.1°
71.372,-121.3°
71.405,-120.6°
71.438,-119.6°
71.471,-118.8°
71.505,-117.9°
71.538,-117.3°
71.569,-116.2°
71.603,-115.6°
71.636,-114.7°
71.669,-113.9°
71.703,-113.1°
71.736,-112.2°
71.769,-111.4°
71.802,-110.6°
71.835,-109.7°
71.868,-108.8°
71.901,-108.1°
71.934,-107.1°
71.967,-106.4°
72.000,-105.4°
72.033,-104.7°
72.071,-103.8°
72.100,-103.0°
72.135,-102.2°
72.165,-101.4°
72.199,-100.6°
72.232,-99.7°
72.266,-98.9°
72.298,-98.0°
72.331,-96.9°
72.365,-96.1°
72.398,-95.3°
72.432,-94.4°
72.465,-93.6°
72.498,-92.7°
72.530,-91.8°
72.564,-90.9°
72.596,-90.1°
72.630,-89.2°
72.662,-88.3°
72.696,-87.4°
72.728,-86.5°
72.761,-85.7°
72.795,-84.8°
72.829,-84.0°
72.862,-83.5°
72.895,-82.4°
72.929,-81.6°
72.961,-80.8°
72.994,-79.9°
73.027,-79.0°
73.059,-78.3°
73.093,-77.3°
73.125,-76.3°
73.158,-75.5°
73.194,-74.5°
73.224,-73.7°
73.259,-72.7°
73.293,-72.2°
73.326,-71.3°
73.357,-70.3°
73.391,-69.7°
73.423,-68.7°
73.461,-67.7°
73.490,-67.2°
73.523,-66.2°
73.556,-65.2°
73.593,-64.2°
73.623,-63.3°
73.655,-62.4°
73.687,-61.5°
73.721,-60.7°
73.754,-59.8°
73.790,-59.0°
73.821,-58.1°
73.854,-57.2°
73.887,-56.4°
73.920,-55.6°
73.952,-54.8°
73.986,-53.7°
74.019,-52.9°
74.053,-52.1°
74.086,-51.3°
74.119,-50.5°
74.153,-49.4°
74.185,-48.6°
74.218,-47.8°
74.251,-46.7°
74.286,-46.0°
74.318,-45.3°
74.350,-44.2°
74.383,-43.5°
74.416,-42.8°
74.451,-41.7°
74.482,-40.8°
74.517,-40.1°
74.549,-39.0°
74.582,-38.4°
74.616,-37.4°
74.651,-36.5°
74.682,-35.7°
74.715,-35.0°
74.747,-34.1°
74.781,-33.1°
74.813,-32.3°
74.846,-31.2°
74.880,-30.2°
74.913,-29.3°
74.947,-28.4°
74.981,-27.7°
75.013,-27.1°
75.045,-26.1°
75.078,-25.2°
75.113,-24.3°
75.145,-23.4°
75.180,-22.4°
75.213,-21.5°
75.245,-20.8°
75.280,-19.9°
75.313,-19.0°
75.344,-18.3°
75.377,-17.6°
75.411,-16.6°
75.443,-15.7°
75.477,-14.9°
75.510,-14.0°
75.543,-13.2°
75.575,-12.2°
75.610,-11.4°
75.642,-10.6°
75.676,-9.7°
75.711,-8.8°
75.743,-8.0°
75.774,-7.1°
75.809,-6.2°
75.840,-5.3°
75.873,-4.5°
75.908,-3.6°
75.939,-2.8°
75.975,-1.9°
76.006,-1.0°
76.040,-0.1°
76.075,0.7°
76.105,1.6°
76.140,2.5°
76.171,3.4°
76.209,4.2°
76.242,5.1°
76.272,6.0°
76.306,6.8°
76.337,7.7°
76.371,8.6°
76.404,9.3°
76.437,10.0°
76.469,10.9°
76.502,11.7°
76.535,12.5°
76.570,13.5°
76.601,14.3°
76.634,15.2°
76.667,16.0°
76.701,16.8°
76.734,17.7°
76.769,18.5°
76.800,19.5°
76.833,20.3°
76.866,21.2°
76.900,21.7°
76.933,22.7°
76.965,23.7°
76.999,24.2°
77.032,25.1°
77.065,26.0°
77.098,27.0°
77.132,27.9°
77.164,28.7°
77.197,29.4°
77.233,30.2°
77.264,31.1°
77.297,32.0°
77.332,32.8°
77.364,33.6°
77.396,34.4°
77.429,35.2°
77.462,35.9°
77.495,36.6°
77.528,37.4°
77.561,38.5°
77.597,39.2°
77.630,40.0°
77.661,40.8°
77.695,41.9°
77.727,42.6°
77.760,43.3°
77.794,44.4°
77.826,45.1°
77.859,45.7°
77.895,46.9°
77.928,47.5°
77.960,48.4°
77.992,49.5°
78.028,50.3°
78.061,51.0°
78.091,51.9°
78.125,52.6°
78.157,53.9°
78.190,54.6°
78.223,55.5°
78.258,56.2°
78.290,57.1°
78.323,58.0°
78.355,58.9°
78.389,59.8°
78.423,60.7°
78.456,61.7°
78.491,62.6°
78.524,63.5°
78.555,64.5°
78.588,65.4°
78.621,66.4°
78.654,66.9°
78.687,67.9°
78.720,68.9°
78.754,69.4°
78.786,70.6°
78.820,71.5°
78.853,72.2°
78.885,73.3°
78.919,74.3°
78.953,75.0°
78.985,75.7°
79.018,76.8°
79.052,77.6°
79.085,78.6°
79.118,79.4°
79.152,80.2°
79.184,81.3°
79.217,82.1°
79.249,82.9°
79.283,83.8°
79.316,84.6°
79.348,85.5°
79.382,86.4°
79.415,87.2°
79.448,88.1°
79.482,89.0°
79.514,89.9°
79.548,90.8°
79.580,91.6°
79.614,92.5°
79.647,93.4°
79.680,94.2°
79.715,95.1°
79.748,96.0°
79.780,96.8°
79.822,97.6°
79.846,98.7°
79.879,99.5°
79.913,100.3°
79.948,101.4°
79.978,102.3°
80.011,103.1°
80.046,104.0°
80.079,104.8°
80.116,105.7°
80.148,106.7°
80.177,107.5°
80.210,108.4°
80.243,109.3°
80.277,110.3°
80.311,111.1°
80.342,112.1°
80.375,113.0°
80.408,113.9°
80.442,114.8°
80.475,115.7°
80.508,116.7°
80.542,117.4°
80.580,118.2°
80.609,119.0°
80.644,119.9°
80.673,120.8°
80.706,121.9°
80.740,122.8°
80.772,123.7°
80.809,124.5°
80.840,125.3°
80.873,126.1°
80.910,127.0°
80.938,128.0°
80.971,128.8°
81.004,129.5°
81.038,130.4°
81.071,131.4°
81.104,132.2°
81.137,132.9°
81.171,134.0°
81.204,134.9°
81.237,135.6°
81.269,136.4°
81.303,137.4°
81.335,138.0°
81.372,138.9°
81.402,140.0°
81.437,140.7°
81.467,141.5°
81.503,142.4°
81.534,143.3°
81.567,144.1°
81.606,144.9°
81.634,145.7°
81.667,146.5°
81.705,147.4°
81.733,148.3°
81.765,149.1°
81.801,150.1°
81.832,150.8°
81.865,151.7°
81.898,152.6°
81.931,153.4°
81.964,154.2°
81.998,155.0°
82.031,155.9°
82.064,156.6°
82.102,157.4°
82.131,158.4°
82.164,159.2°
82.196,160.1°
82.231,161.0°
82.263,161.8°
82.295,162.6°
82.328,163.4°
82.364,164.1°
82.396,165.0°
82.428,165.8°
82.462,166.8°
82.495,167.7°
82.532,168.5°
82.561,169.4°
82.593,170.2°
82.626,171.1°
82.660,171.9°
82.692,172.8°
82.727,173.7°
82.759,174.5°
82.792,175.1°
82.826,175.9°
82.859,176.8°
82.891,177.6°
82.924,178.5°
82.957,179.4°
82.992,-179.8°
83.024,-178.9°
83.058,-178.1°
83.091,-177.2°
83.123,-176.3°
83.156,-175.5°
83.189,-174.7°
83.223,-173.8°
83.255,-172.9°
83.292,-172.1°
83.322,-171.2°
83.354,-170.4°
83.388,-169.5°
83.422,-168.7°
83.455,-167.8°
83.487,-166.9°
83.521,-166.0°
83.554,-165.1°
83.590,-164.2°
83.622,-163.3°
83.654,-162.5°
83.691,-161.7°
83.720,-160.8°
83.753,-160.0°
83.786,-159.3°
83.819,-158.4°
83.855,-157.5°
83.890,-156.6°
83.918,-155.8°
83.952,-155.0°
83.985,-154.1°
84.017,-153.3°
84.051,-152.4°
84.085,-151.7°
84.117,-150.8°
84.149,-149.9°
84.184,-149.1°
84.216,-148.2°
84.249,-147.3°
84.283,-146.5°
84.315,-145.7°
84.348,-145.0°
84.382,-144.1°
84.418,-143.4°
84.451,-142.5°
84.483,-141.7°
84.516,-140.9°
84.551,-140.1°
84.580,-139.1°
84.615,-138.4°
84.646,-137.6°
84.678,-136.7°
84.714,-136.0°
84.745,-135.1°
84.778,-134.3°
84.811,-133.5°
84.845,-132.6°
84.877,-131.8°
84.912,-130.9°
84.944,-130.2°
84.978,-129.5°
85.009,-128.5°
85.043,-127.6°
85.076,-126.9°
85.113,-126.0°
85.142,-125.3°
85.177,-124.5°
85.208,-123.6°
85.243,-122.8°
85.275,-121.9°
85.311,-121.1°
85.341,-120.4°
85.374,-119.6°
85.407,-118.7°
85.440,-118.0°
85.473,-117.1°
85.507,-116.2°
85.539,-115.7°
85.573,-114.7°
85.605,-113.9°
85.640,-112.9°
85.674,-112.3°
85.707,-111.4°
85.740,-110.5°
85.773,-109.6°
85.807,-108.8°
85.838,-107.8°
85.870,-107.1°
85.904,-106.1°
85.937,-105.4°
85.970,-104.3°
86.003,-103.6°
86.037,-102.8°
86.070,-101.8°
86.103,-101.1°
86.136,-100.3°
86.168,-99.5°
86.201,-98.6°
86.235,-97.4°
86.268,-96.7°
86.303,-95.9°
86.338,-95.1°
86.367,-94.2°
86.402,-93.4°
86.436,-92.5°
86.467,-91.6°
86.501,-90.8°
86.536,-89.9°
86.566,-89.0°
86.603,-88.2°
86.633,-87.3°
86.666,-86.4°
86.698,-85.6°
86.731,-84.7°
86.764,-83.9°
86.798,-83.0°
86.831,-82.1°
86.865,-81.2°
86.897,-80.3°
86.930,-79.5°
86.963,-78.6°
86.996,-77.7°
87.030,-76.9°
87.062,-75.9°
87.095,-75.0°
87.128,-74.1°
87.161,-73.4°
87.195,-72.3°
87.228,-71.4°
87.261,-70.5°
87.295,-69.7°
87.329,-68.9°
87.360,-67.9°
87.395,-67.3°
87.426,-66.4°
87.459,-65.4°
87.493,-64.5°
87.526,-63.6°
87.559,-62.7°
87.592,-61.7°
87.625,-60.8°
87.658,-59.8°
87.697,-59.0°
87.727,-58.4°
87.757,-57.4°
87.792,-56.5°
87.824,-55.6°
87.857,-54.8°
87.890,-53.8°
87.923,-53.2°
87.956,-52.2°
87.989,-51.3°
88.022,-50.6°
88.057,-49.5°
88.091,-48.7°
88.121,-47.8°
88.156,-46.8°
88.191,-46.0°
88.221,-45.3°
88.255,-44.2°
88.288,-43.5°
88.321,-42.6°
88.354,-41.7°
88.387,-40.8°
88.419,-40.0°
88.453,-39.0°
88.485,-38.1°
88.520,-37.3°
88.553,-36.5°
88.585,-35.7°
88.618,-34.8°
88.651,-33.7°
88.685,-32.8°
88.719,-31.9°
88.752,-31.1°
88.783,-30.2°
88.818,-29.3°
88.849,-28.5°
88.883,-27.6°
88.917,-26.7°
88.949,-25.8°
88.982,-24.8°
89.017,-24.2°
89.048,-23.3°
89.081,-22.3°
89.116,-21.4°
89.148,-20.6°
89.181,-19.7°
89.214,-18.7°
89.248,-18.0°
89.280,-17.0°
89.313,-16.3°
89.348,-15.4°
89.381,-14.6°
89.413,-13.6°
89.445,-12.8°
89.478,-11.9°
89.513,-11.0°
89.546,-10.2°
89.581,-9.2°
89.613,-8.4°
89.644,-7.5°
89.680,-6.6°
89.712,-5.8°
89.745,-4.9°
89.777,-4.0°
89.810,-3.1°
89.843,-2.2°
89.876,-1.4°
89.909,-0.5°
89.942,0.4°
89.976,1.2°
90.009,2.1°
90.042,3.0°
90.075,3.9°
90.108,4.7°
90.142,5.6°
90.175,6.4°
90.208,7.3°
90.241,8.2°
90.273,9.1°
90.307,9.9°
90.340,10.9°
90.374,11.7°
90.407,12.6°
90.440,13.5°
90.473,14.4°
90.507,15.3°
90.538,16.2°
90.572,17.2°
90.605,18.1°
90.637,18.9°
90.672,19.8°
90.704,20.4°
90.737,21.3°
90.770,22.2°
90.803,23.0°
90.837,24.0°
90.871,24.9°
90.903,25.6°
90.935,26.5°
90.970,27.4°
91.001,28.2°
91.035,29.0°
91.068,29.9°
91.103,30.8°
91.135,31.7°
91.167,32.5°
91.200,33.3°
91.233,34.1°
91.267,35.0°
91.300,35.8°
91.332,36.5°
91.366,37.2°
91.399,38.0°
91.434,39.1°
91.467,39.7°
91.499,40.5°
91.531,41.6°
91.565,42.5°
91.599,43.2°
91.631,43.9°
91.664,45.0°
91.697,45.7°
91.730,46.4°
91.764,47.5°
91.798,48.3°
91.828,49.0°
91.862,49.7°
91.896,50.9°
91.928,51.7°
91.961,52.5°
91.996,53.3°
92.029,54.1°
92.061,55.0°
92.096,55.7°
92.127,56.6°
92.163,57.5°
92.197,58.7°
92.227,59.7°
92.259,60.6°
92.293,61.5°
92.326,62.5°
92.359,63.4°
92.391,63.8°
92.425,64.7°
92.458,65.8°
92.492,66.8°
92.525,67.8°
92.559,68.4°
92.591,69.3°
92.625,70.4°
92.657,71.1°
92.693,72.0°
92.727,73.1°
92.761,73.7°
92.791,74.8°
92.825,75.6°
92.856,76.6°
92.890,77.4°
92.922,78.4°
92.957,79.3°
92.989,80.1°
93.021,81.0°
93.055,81.9°
93.087,82.7°
93.121,83.7°
93.153,84.5°
93.186,85.4°
93.220,86.3°
93.254,87.2°
93.287,88.1°
93.321,89.0°
93.352,89.9°
93.385,90.8°
93.421,91.6°
93.454,92.5°
93.485,93.4°
93.519,94.3°
93.553,95.1°
93.585,96.0°
93.617,96.9°
93.651,97.6°
93.683,98.7°
93.716,99.6°
93.750,100.3°
93.783,101.5°
93.817,102.3°
93.853,103.1°
93.882,104.0°
93.915,104.8°
93.952,105.8°
93.981,106.8°
94.015,107.6°
94.047,108.5°
94.080,109.4°
94.116,110.3°
94.146,111.2°
94.183,112.2°
94.213,113.1°
94.245,114.1°
94.278,114.9°
94.312,115.9°
94.345,116.9°
94.378,117.8°
94.412,118.7°
94.444,119.7°
94.478,120.6°
94.513,121.4°
94.546,122.2°
94.581,123.3°
94.611,124.0°
94.643,125.1°
94.676,126.0°
94.712,126.9°
94.742,127.7°
94.776,128.4°
94.810,129.4°
94.842,130.4°
94.876,131.1°
94.908,132.1°
94.942,132.9°
94.975,133.9°
95.013,134.8°
95.042,135.6°
95.074,136.4°
95.110,137.4°
95.140,138.2°
95.172,139.0°
95.205,140.0°
95.240,140.7°
95.271,141.7°
95.305,142.4°
95.338,143.4°
95.371,144.3°
95.404,145.1°
95.438,145.9°
95.470,146.7°
95.504,147.6°
95.537,148.6°
95.571,149.5°
95.603,150.5°
95.636,151.3°
95.673,152.2°
95.702,153.0°
95.736,153.9°
95.771,154.6°
95.801,155.5°
95.835,156.4°
95.868,157.3°
95.901,158.2°
95.934,158.9°
95.967,159.7°
96.001,160.7°
96.034,161.5°
96.067,162.4°
96.100,163.3°
96.133,164.1°
96.166,165.0°
96.199,165.9°
96.234,166.8°
96.266,167.7°
96.299,168.5°
96.331,169.4°
96.364,170.2°
96.398,171.2°
96.430,172.0°
96.464,172.9°
96.497,173.7°
96.533,174.5°
96.564,175.4°
96.596,176.3°
96.630,177.2°
96.663,178.1°
96.696,178.9°
96.731,179.8°
96.763,-179.3°
96.795,-178.5°
96.828,-177.6°
96.861,-176.8°
96.894,-175.9°
96.927,-175.0°
96.960,-174.2°
96.996,-173.3°
97.027,-172.5°
97.059,-171.6°
97.093,-170.8°
97.126,-169.9°
97.160,-169.0°
97.193,-168.2°
97.225,-167.3°
97.258,-166.4°
97.291,-165.5°
97.324,-164.6°
97.358,-163.8°
97.391,-162.9°
97.424,-162.0°
97.458,-161.1°
97.490,-160.3°
97.524,-159.4°
97.557,-158.5°
97.590,-157.6°
97.622,-156.8°
97.656,-156.0°
97.689,-155.1°
97.722,-154.2°
97.755,-153.4°
97.790,-152.5°
97.822,-151.7°
97.855,-150.8°
97.887,-149.9°
97.920,-149.0°
97.953,-148.2°
97.987,-147.3°
98.020,-146.4°
98.053,-145.6°
98.086,-144.8°
98.121,-143.9°
98.152,-143.1°
98.185,-142.3°
98.218,-141.4°
98.251,-140.6°
98.285,-139.7°
98.318,-138.8°
98.353,-138.0°
98.384,-137.1°
98.417,-136.3°
98.451,-135.5°
98.483,-134.6°
98.522,-133.9°
98.551,-133.0°
98.587,-132.1°
98.617,-131.3°
98.650,-130.5°
98.684,-129.6°
98.716,-128.8°
98.748,-127.9°
98.783,-127.2°
98.814,-126.3°
98.850,-125.5°
98.882,-124.6°
98.914,-123.7°
98.947,-122.7°
98.980,-121.9°
99.013,-121.1°
99.046,-120.3°
99.079,-119.3°
99.114,-118.3°
99.146,-117.4°
99.180,-116.7°
99.213,-115.8°
99.244,-114.9°
99.278,-114.0°
99.311,-113.1°
99.344,-112.1°
99.377,-111.2°
99.410,-110.4°
99.443,-109.5°
99.477,-108.7°
99.511,-107.9°
99.543,-106.9°
99.576,-106.1°
99.609,-105.2°
99.642,-104.3°
99.675,-103.4°
99.708,-102.6°
99.741,-101.7°
99.775,-100.9°
99.811,-100.0°
99.840,-99.2°
99.874,-98.2°
99.907,-97.3°
99.940,-96.5°
99.975,-95.6°
100.006,-94.7°
100.039,-93.8°
100.071,-92.9°
100.105,-92.1°
100.138,-91.2°
100.173,-90.3°
100.205,-89.5°
100.238,-88.6°
100.276,-87.7°
100.304,-86.9°
100.338,-86.0°
100.371,-85.1°
100.403,-84.2°
100.436,-83.4°
100.469,-82.5°
100.503,-81.6°
100.538,-80.7°
100.570,-79.9°
100.602,-79.0°
100.635,-78.1°
100.668,-77.2°
100.701,-76.3°
100.735,-75.4°
100.769,-74.5°
100.800,-73.6°
100.834,-72.7°
100.868,-71.8°
100.899,-70.9°
100.933,-70.0°
100.966,-69.0°
100.999,-68.1°
101.033,-67.2°
101.065,-66.3°
101.098,-65.3°
101.133,-64.4°
101.164,-63.5°
101.197,-62.6°
101.231,-61.6°
101.268,-60.6°
101.298,-59.7°
101.329,-58.8°
101.363,-58.0°
101.397,-57.0°
101.430,-56.2°
101.464,-55.3°
101.497,-54.3°
101.528,-53.4°
101.561,-52.6°
101.595,-51.8°
101.627,-50.7°
101.661,-49.9°
101.694,-48.9°
101.727,-47.9°
101.761,-47.1°
101.794,-46.1°
101.828,-45.3°
101.859,-44.3°
101.893,-43.5°
101.926,-42.5°
101.959,-41.6°
101.993,-40.8°
102.025,-40.0°
102.058,-39.0°
102.092,-38.1°
102.125,-37.2°
102.159,-36.2°
102.191,-35.4°
102.223,-34.5°
102.257,-33.7°
102.290,-32.7°
102.324,-31.7°
102.356,-30.8°
102.389,-29.7°
102.422,-28.8°
102.457,-27.9°
102.488,-26.9°
102.522,-25.9°
102.556,-25.1°
102.588,-24.2°
102.621,-23.3°
102.654,-22.4°
102.687,-21.6°
102.720,-20.6°
102.754,-19.7°
102.789,-18.8°
102.819,-17.9°
102.855,-17.0°
102.886,-16.1°
102.919,-15.2°
102.952,-14.3°
102.985,-13.4°
103.018,-12.5°
103.054,-11.6°
103.085,-10.8°
103.118,-9.9°
103.151,-9.0°
103.185,-8.1°
103.218,-7.3°
103.250,-6.5°
103.283,-5.6°
103.316,-4.7°
103.349,-3.9°
103.383,-3.0°
103.417,-2.1°
103.448,-1.3°
103.484,-0.4°
103.515,0.4°
103.547,1.4°
103.581,2.2°
103.614,3.0°
103.647,3.9°
103.680,4.7°
103.716,5.6°
103.747,6.5°
103.780,7.3°
103.812,8.2°
103.847,9.1°
103.881,9.9°
103.914,10.8°
103.945,11.7°
103.979,12.6°
104.011,13.4°
104.044,14.4°
104.077,15.2°
104.113,16.2°
104.146,17.1°
104.177,17.9°
104.210,18.8°
104.243,19.7°
104.276,20.6°
104.310,21.5°
104.343,22.2°
104.378,23.1°
104.412,23.9°
104.442,24.8°
104.476,25.7°
104.513,26.7°
104.543,27.6°
104.574,28.4°
104.610,29.3°
104.641,30.2°
104.673,31.1°
104.707,31.9°
104.740,32.8°
104.775,33.6°
104.806,34.4°
104.840,35.4°
104.872,36.4°
104.905,37.1°
104.938,38.0°
104.972,38.7°
105.005,39.8°
105.038,40.5°
105.070,41.3°
105.103,42.3°
105.137,43.2°
105.171,44.1°
105.204,44.8°
105.242,45.9°
105.270,46.6°
105.302,47.7°
105.336,48.4°
105.369,49.3°
105.401,50.0°
105.435,51.1°
105.468,52.0°
105.501,52.7°
105.534,53.7°
105.567,54.7°
105.600,55.5°
105.633,56.4°
105.666,57.3°
105.699,58.2°
105.733,59.1°
105.766,59.9°
105.799,60.9°
105.833,61.8°
105.866,62.8°
105.899,63.7°
105.934,64.7°
105.964,65.7°
105.997,66.6°
106.031,67.4°
106.065,68.4°
106.097,69.3°
106.132,70.3°
106.163,71.2°
106.196,72.1°
106.230,73.0°
106.263,73.9°
106.296,74.9°
106.328,75.7°
106.362,76.6°
106.396,77.5°
106.430,78.4°
106.461,79.4°
106.494,80.2°
106.527,81.1°
106.560,82.0°
106.594,82.9°
106.626,83.7°
106.660,84.6°
106.693,85.5°
106.726,86.3°
106.759,87.2°
106.793,88.1°
106.825,89.0°
106.858,89.9°
106.892,90.7°
106.925,91.6°
106.958,92.5°
106.993,93.3°
107.024,94.2°
107.056,95.1°
107.090,95.9°
107.123,96.8°
107.156,97.6°
107.189,98.6°
107.223,99.5°
107.256,100.3°
107.290,101.2°
107.322,102.1°
107.357,103.0°
107.388,103.8°
107.421,104.7°
107.454,105.5°
107.487,106.5°
107.522,107.4°
107.553,108.2°
107.587,109.1°
107.620,110.0°
107.654,111.0°
107.686,111.8°
107.720,112.8°
107.753,113.7°
107.785,114.7°
107.818,115.5°
107.852,116.6°
107.886,117.5°
107.917,118.4°
107.954,119.3°
107.986,120.2°
108.017,121.0°
108.052,121.8°
108.084,122.7°
108.116,123.8°
108.150,124.7°
108.182,125.6°
108.215,126.3°
108.248,127.1°
108.282,128.1°
108.315,129.1°
108.347,129.8°
108.382,130.8°
108.416,131.6°
108.448,132.5°
108.480,133.6°
108.514,134.3°
108.546,135.0°
108.579,136.1°
108.614,136.9°
108.646,137.5°
108.681,138.6°
108.712,139.5°
108.745,140.3°
108.778,141.3°
108.813,142.0°
108.844,142.9°
108.877,144.0°
108.912,144.7°
108.944,145.6°
108.977,146.3°
109.011,147.2°
109.043,148.1°
109.076,149.1°
109.109,150.2°
109.143,151.0°
109.178,151.9°
109.209,152.6°
109.243,153.6°
109.276,154.3°
109.307,155.1°
109.342,156.0°
109.374,156.9°
109.407,157.9°
109.440,158.7°
109.478,159.6°
109.507,160.6°
109.540,161.4°
109.573,162.3°
109.606,163.2°
109.639,164.1°
109.673,164.9°
109.711,165.8°
109.739,166.8°
109.772,167.7°
109.806,168.5°
109.837,169.4°
109.872,170.3°
109.904,171.2°
109.937,172.1°
109.970,172.9°
110.003,173.7°
110.036,174.6°
110.070,175.5°
110.104,176.4°
110.140,177.2°
110.168,178.1°
110.201,179.0°
110.236,179.8°
110.271,-179.3°
110.301,-178.5°
110.334,-177.6°
110.367,-176.7°
110.400,-175.9°
110.434,-175.0°
110.467,-174.2°
110.499,-173.3°
110.532,-172.5°
110.565,-171.6°
110.599,-170.7°
110.635,-169.9°
110.667,-169.0°
110.699,-168.1°
110.732,-167.3°
110.765,-166.4°
110.802,-165.5°
110.832,-164.6°
110.864,-163.7°
110.898,-162.9°
110.930,-162.0°
110.963,-161.1°
110.997,-160.2°
111.029,-159.3°
111.062,-158.5°
111.096,-157.5°
111.129,-156.6°
111.164,-155.7°
111.198,-154.9°
111.229,-154.1°
111.261,-153.2°
111.294,-152.3°
111.328,-151.4°
111.361,-150.5°
111.393,-149.7°
111.426,-148.8°
111.460,-147.8°
111.493,-147.0°
111.528,-146.2°
111.558,-145.3°
111.593,-144.6°
111.625,-143.7°
111.659,-142.8°
111.693,-142.0°
111.724,-141.1°
111.757,-140.2°
111.793,-139.3°
111.824,-138.3°
111.858,-137.6°
111.890,-136.7°
111.924,-135.8°
111.958,-135.1°
111.990,-134.4°
112.022,-133.3°
112.056,-132.5°
112.088,-131.6°
112.121,-130.7°
112.155,-129.9°
112.187,-129.0°
112.221,-128.3°
112.254,-127.3°
112.287,-126.4°
112.320,-125.7°
112.354,-124.8°
112.387,-123.9°
112.420,-122.8°
112.452,-121.9°
112.486,-121.4°
112.520,-120.9°
112.555,-120.1°
112.585,-119.4°
112.620,-118.5°
112.654,-117.6°
112.684,-116.7°
112.718,-115.8°
112.750,-114.9°
112.785,-114.0°
112.817,-113.3°
112.851,-112.3°
112.885,-111.5°
112.918,-110.5°
112.950,-109.7°
112.983,-108.8°
113.015,-107.8°
113.050,-107.0°
113.082,-106.0°
113.118,-105.2°
113.148,-104.2°
113.183,-103.4°
113.214,-102.5°
113.248,-101.6°
113.280,-100.8°
113.318,-99.9°
113.348,-99.0°
113.381,-98.1°
113.415,-97.2°
113.447,-96.3°
113.481,-95.5°
113.514,-94.6°
113.545,-93.7°
113.578,-92.8°
113.611,-91.9°
113.645,-91.1°
113.679,-90.2°
113.712,-89.3°
113.743,-88.5°
113.778,-87.6°
113.810,-86.7°
113.844,-85.8°
113.877,-84.9°
113.913,-84.1°
113.943,-83.2°
113.976,-82.3°
114.009,-81.4°
114.042,-80.5°
114.076,-79.6°
114.109,-78.7°
114.141,-77.8°
114.174,-77.0°
114.207,-76.1°
114.240,-75.2°
114.273,-74.3°
114.307,-73.4°
114.340,-72.5°
114.373,-71.6°
114.406,-70.6°
114.439,-69.7°
114.472,-68.7°
114.508,-67.8°
114.538,-66.9°
114.576,-65.9°
114.604,-65.0°
114.637,-64.0°
114.674,-63.0°
114.705,-62.0°
114.738,-61.0°
114.780,-60.1°
114.806,-59.1°
114.837,-58.2°
114.871,-57.4°
114.903,-56.5°
114.936,-55.7°
114.971,-54.7°
115.003,-53.7°
115.036,-52.8°
115.069,-52.0°
115.101,-50.9°
115.134,-50.0°
115.169,-49.0°
115.200,-48.1°
115.234,-47.2°
115.267,-46.3°
115.301,-45.4°
115.332,-44.4°
115.366,-43.5°
115.399,-42.6°
115.434,-41.6°
115.465,-40.7°
115.498,-39.7°
115.532,-38.8°
115.564,-37.9°
115.598,-37.0°
115.631,-36.1°
115.664,-35.1°
115.698,-34.2°
115.732,-33.2°
115.765,-32.3°
115.797,-31.3°
115.832,-30.4°
115.863,-29.3°
115.897,-28.4°
115.928,-27.4°
115.964,-26.5°
115.995,-25.4°
116.028,-24.5°
116.061,-23.5°
116.095,-22.5°
116.127,-21.7°
116.160,-20.7°
116.194,-19.7°
116.227,-18.7°
116.260,-17.9°
116.293,-16.9°
116.326,-16.1°
116.359,-15.1°
116.394,-14.1°
116.426,-13.3°
116.458,-12.2°
116.493,-11.4°
116.524,-10.6°
116.558,-9.6°
116.591,-8.8°
116.624,-7.9°
116.658,-7.0°
116.692,-6.1°
116.723,-5.2°
116.756,-4.3°
116.789,-3.4°
116.823,-2.5°
116.858,-1.6°
116.891,-0.7°
116.922,0.1°
116.955,1.0°
116.991,1.9°
117.021,2.7°
117.054,3.6°
117.087,4.3°
117.120,4.5°
117.153,4.5°
117.186,4.5°
117.219,4.5°
