Tiempo,GiroX,GiroY,KalmanGiroX,KalmanGiroY
64.89,1.73,1.91,0.05,-0.06
64.93,1.68,1.93,-0.0,-0.04
64.97,1.76,1.85,0.06,-0.11
65.0,1.54,1.82,-0.15,-0.14
65.04,1.64,2.24,-0.04,0.25
65.08,1.56,2.02,-0.13,0.01
65.12,1.62,1.82,-0.08,-0.18
65.16,1.57,2.01,-0.11,0.01
65.19,1.6,2.06,-0.1,0.08
65.23,1.77,1.76,0.1,-0.23
65.27,1.6,2.13,-0.07,0.14
65.31,1.66,2.0,-0.02,-0.02
65.35,1.67,2.07,-0.03,0.05
65.38,1.66,1.99,-0.02,-0.04
65.42,1.64,2.03,-0.05,-0.01
65.46,1.86,1.86,0.19,-0.16
65.5,1.56,1.91,-0.13,-0.11
65.54,1.63,1.89,-0.04,-0.09
65.58,1.66,1.98,-0.01,0.0
65.62,1.67,2.08,0.01,0.09
65.65,1.74,2.06,0.06,0.07
65.69,1.61,1.99,-0.06,-0.01
65.73,1.69,2.17,0.01,0.16
65.76,1.65,2.08,-0.02,0.06
65.8,1.72,1.95,0.05,-0.08
65.84,1.67,2.08,0.02,0.03
65.88,1.62,2.02,-0.02,-0.03
65.92,1.6,1.85,-0.04,-0.18
65.96,1.61,1.81,-0.02,-0.22
65.99,1.51,2.11,-0.14,0.11
66.03,1.68,1.96,0.04,-0.05
66.07,1.69,2.17,0.02,0.16
66.11,1.68,1.88,0.02,-0.11
66.14,1.72,1.75,0.05,-0.22
66.18,1.56,1.95,-0.12,-0.01
66.22,1.69,1.75,0.01,-0.2
66.26,1.76,2.0,0.11,0.06
66.3,1.72,1.71,0.06,-0.22
66.33,1.64,2.09,-0.01,0.17
66.37,1.67,1.99,0.03,0.06
66.41,1.73,2.04,0.08,0.1
66.44,1.63,2.02,-0.01,0.07
66.48,1.63,1.98,-0.01,0.02
66.52,1.69,2.11,0.05,0.17
66.56,1.62,2.0,-0.04,0.06
66.6,1.59,2.18,-0.08,0.25
66.63,1.64,1.87,0.0,-0.05
66.67,1.64,1.7,-0.02,-0.22
66.71,1.68,1.94,0.04,-0.0
66.75,1.59,2.14,-0.04,0.19
66.79,1.6,2.11,-0.04,0.15
66.82,1.62,2.01,-0.01,0.06
66.86,1.76,1.89,0.13,-0.07
66.9,1.56,1.81,-0.06,-0.16
66.94,1.62,2.06,-0.01,0.09
66.98,1.66,1.98,0.02,-0.01
67.01,1.64,1.96,0.01,-0.03
67.05,1.76,2.19,0.13,0.2
67.09,1.65,1.92,-0.0,-0.07
67.13,1.77,1.98,0.12,-0.02
67.16,1.61,1.96,-0.05,-0.02
67.2,1.6,1.79,-0.07,-0.17
67.24,1.68,1.89,-0.02,-0.08
67.28,1.75,2.05,0.06,0.07
67.32,1.68,2.03,-0.01,0.03
67.36,1.66,2.02,0.0,-0.01
67.39,1.6,2.23,-0.05,0.2
67.43,1.63,1.82,-0.02,-0.22
67.47,1.66,1.94,0.03,-0.12
67.51,1.56,2.11,-0.07,0.05
67.55,1.61,2.23,-0.0,0.18
67.58,1.68,1.88,0.07,-0.16
67.62,1.69,1.97,0.09,-0.06
67.66,1.68,1.97,0.06,-0.04
67.7,1.79,2.14,0.16,0.15
67.73,1.71,2.0,0.07,0.01
67.77,1.6,1.85,-0.03,-0.15
67.81,1.72,1.99,0.09,0.01
67.85,1.61,1.98,-0.01,-0.01
67.89,1.6,1.9,-0.04,-0.08
67.92,1.68,1.94,0.05,-0.03
67.96,1.61,2.07,0.0,0.1
68.0,1.74,2.04,0.13,0.09
68.04,1.66,1.93,0.06,-0.01
68.07,1.6,1.95,-0.0,0.01
68.11,1.7,2.18,0.1,0.25
68.15,1.66,1.88,0.04,-0.06
68.19,1.73,1.98,0.12,0.07
68.22,1.69,2.02,0.07,0.1
68.26,1.54,1.92,-0.09,0.01
68.3,1.53,1.67,-0.1,-0.25
68.34,1.72,1.8,0.04,-0.13
68.37,1.6,2.23,-0.05,0.28
68.41,1.69,2.05,0.02,0.1
68.45,1.63,2.06,0.02,0.13
68.49,1.76,1.86,0.12,-0.05
68.52,1.67,2.02,-0.0,0.08
68.56,1.82,2.19,0.14,0.25
68.6,1.6,2.05,-0.06,0.1
68.64,1.55,1.86,-0.1,-0.1
68.67,1.66,1.91,-0.02,-0.06
68.71,1.5,1.66,-0.17,-0.3
68.75,1.74,1.88,0.07,-0.07
68.79,1.58,1.97,-0.08,-0.0
68.83,1.62,2.15,-0.05,0.17
68.87,1.69,1.98,0.04,-0.02
68.9,1.77,2.09,0.11,0.1
68.94,1.6,2.26,-0.06,0.25
68.98,1.64,2.02,0.0,0.01
69.02,1.71,1.51,0.04,-0.5
69.05,1.54,1.79,-0.1,-0.2
69.09,1.73,1.81,0.08,-0.2
69.13,1.56,1.83,-0.08,-0.16
69.17,1.62,2.06,-0.05,0.04
69.21,1.59,1.85,-0.1,-0.14
69.25,1.57,1.92,-0.12,-0.08
69.29,1.47,1.95,-0.23,-0.03
69.32,1.67,1.95,-0.02,-0.04
69.36,1.68,1.95,0.01,-0.05
69.4,1.58,1.94,-0.1,-0.03
69.44,1.65,2.01,0.01,0.05
69.48,1.7,1.85,0.04,-0.08
69.51,1.63,2.04,-0.01,0.1
69.55,1.6,2.17,-0.04,0.23
69.59,1.61,1.95,-0.03,0.03
69.63,1.82,2.09,0.2,0.2
69.66,1.73,2.27,0.09,0.38
69.7,1.72,1.88,0.09,-0.01
69.74,1.6,1.96,-0.03,0.07
69.78,1.67,1.93,0.02,0.02
69.81,1.68,1.94,0.02,0.04
69.85,1.65,1.96,-0.03,0.04
69.89,1.77,1.92,0.11,-0.01
69.93,1.66,2.02,0.01,0.06
69.96,1.71,1.87,0.05,-0.09
70.0,1.62,1.9,-0.07,-0.08
70.04,1.56,2.08,-0.13,0.11
70.08,1.64,1.83,-0.06,-0.13
70.12,1.62,2.07,-0.08,0.1
70.15,1.71,1.73,0.01,-0.23
70.19,1.62,1.84,-0.06,-0.12
70.23,1.69,2.26,0.03,0.32
70.27,1.72,1.87,0.06,-0.06
70.31,1.59,2.08,-0.08,0.16
70.34,1.6,2.12,-0.07,0.21
70.38,1.63,2.01,-0.05,0.09
70.42,1.67,2.02,0.01,0.1
70.46,1.71,2.08,0.07,0.16
70.49,1.77,1.91,0.11,-0.01
70.53,1.58,2.07,-0.09,0.17
70.57,1.63,1.98,-0.08,0.08
70.61,1.71,2.02,0.02,0.13
70.64,1.51,1.79,-0.17,-0.11
70.68,1.56,2.06,-0.12,0.16
70.72,1.66,2.02,-0.02,0.09
70.76,1.57,1.98,-0.11,0.06
70.8,1.64,1.98,-0.02,0.05
70.83,1.59,2.17,-0.1,0.22
70.87,1.57,2.15,-0.1,0.18
70.91,1.71,1.82,0.04,-0.16
70.95,1.68,2.04,0.03,0.01
70.98,1.68,2.09,0.03,0.04
71.02,1.64,1.82,-0.02,-0.22
71.06,1.67,2.05,0.03,0.01
71.1,1.87,2.08,0.21,0.03
71.13,1.62,2.0,-0.03,-0.04
71.17,1.62,2.08,-0.05,0.05
71.21,1.65,2.25,-0.01,0.2
71.25,1.59,2.08,-0.07,0.01
71.28,1.61,2.09,-0.04,-0.01
71.32,1.68,1.68,0.02,-0.45
71.36,1.73,2.12,0.07,-0.01
71.4,1.57,1.82,-0.09,-0.28
71.44,1.66,1.88,0.01,-0.22
71.48,1.57,1.85,-0.09,-0.23
71.51,1.69,2.06,0.02,-0.0
71.55,1.56,1.88,-0.09,-0.17
71.59,1.68,2.02,0.03,-0.04
71.63,1.64,2.12,0.01,0.06
71.67,1.7,2.1,0.06,0.02
71.7,1.85,1.58,0.25,-0.51
71.74,1.6,1.11,-0.05,-1.03
71.78,1.39,1.88,-0.33,-0.24
71.82,1.64,2.0,-0.09,-0.12
71.86,1.57,2.04,-0.17,-0.09
71.9,1.68,1.98,-0.04,-0.13
71.94,1.88,3.27,0.14,1.2
71.97,1.48,2.29,-0.24,0.22
72.01,1.89,1.82,0.15,-0.3
72.05,1.93,2.21,0.23,0.09
72.08,1.48,2.05,-0.22,-0.06
72.12,0.61,0.66,-1.08,-1.45
72.16,1.98,2.11,0.16,0.1
72.2,1.54,1.89,-0.23,-0.11
72.24,1.72,1.77,-0.05,-0.28
72.28,1.73,2.21,-0.01,0.16
72.31,1.69,2.01,-0.05,-0.04
72.35,1.62,2.18,-0.13,0.14
72.39,1.5,0.76,-0.21,-1.27
72.43,2.04,1.85,0.36,-0.0
72.47,1.36,2.21,-0.31,0.34
72.51,1.66,1.55,-0.02,-0.32
72.54,1.72,2.01,0.06,0.13
72.58,1.62,2.27,-0.04,0.39
72.62,1.62,1.91,-0.04,0.02
72.66,1.51,1.96,-0.14,0.09
72.7,1.5,1.95,-0.15,0.1
72.73,1.63,1.6,-0.04,-0.24
72.77,1.62,1.98,-0.03,0.14
72.81,1.76,2.0,0.11,0.14
72.85,1.66,2.07,-0.0,0.19
72.88,1.79,1.89,0.13,0.02
72.92,1.66,1.8,0.02,-0.08
72.96,1.76,2.25,0.12,0.39
73.0,1.6,1.89,-0.06,0.02
73.03,1.52,1.58,-0.12,-0.3
73.07,1.73,1.77,0.1,-0.06
73.11,1.53,2.45,-0.08,0.65
73.15,2.03,1.87,0.41,0.08
73.18,1.76,2.29,0.15,0.53
73.22,1.19,1.44,-0.42,-0.34
73.26,1.69,1.86,0.07,0.05
73.3,1.63,2.71,-0.01,0.82
73.34,1.6,1.84,-0.03,0.09
73.37,1.56,1.92,-0.04,0.12
73.41,1.74,2.24,0.15,0.43
73.45,1.79,2.27,0.2,0.46
73.48,1.76,2.24,0.15,0.44
73.52,1.49,1.73,-0.14,-0.08
73.56,1.73,2.08,0.14,0.26
73.6,1.7,1.89,0.08,0.03
73.63,1.63,1.83,0.01,-0.03
73.67,1.67,1.77,0.05,-0.11
73.71,1.17,0.18,-0.45,-1.73
73.75,1.46,2.1,-0.16,0.2
73.79,1.49,2.05,-0.16,0.15
73.82,1.66,1.87,0.0,0.0
73.86,1.56,2.44,-0.08,0.57
73.9,1.69,2.05,0.03,0.14
73.94,1.71,2.19,0.08,0.28
73.97,1.67,1.89,0.05,-0.03
74.01,1.64,2.97,0.02,1.04
74.05,1.65,2.5,0.05,0.56
74.08,1.78,1.81,0.17,-0.13
74.12,1.56,1.85,-0.06,-0.09
74.16,1.69,1.64,0.07,-0.29
74.2,1.64,1.56,0.02,-0.39
74.24,1.73,1.92,0.12,-0.07
74.27,1.68,2.46,0.08,0.43
74.31,1.8,2.22,0.19,0.19
74.35,1.7,2.12,0.08,0.1
74.38,1.7,1.76,0.1,-0.28
74.42,2.01,2.02,0.4,0.01
74.46,1.25,2.48,-0.31,0.42
74.5,1.74,2.03,0.15,-0.0
74.53,1.52,1.89,-0.08,-0.18
74.57,1.79,1.95,0.22,-0.1
74.61,1.68,1.89,0.1,-0.16
74.65,1.59,1.82,0.03,-0.23
74.69,1.61,2.07,0.04,-0.01
74.72,1.7,2.06,0.13,-0.03
74.76,1.44,2.25,-0.15,0.18
74.8,1.85,1.66,0.3,-0.4
74.84,1.53,2.06,-0.02,-0.02
74.88,1.6,2.11,0.04,0.02
74.91,1.56,2.2,0.01,0.09
74.95,1.67,2.05,0.12,-0.03
74.99,1.67,1.88,0.13,-0.2
75.03,1.81,2.09,0.25,0.0
75.06,1.73,2.06,0.15,-0.02
75.1,1.67,2.25,0.07,0.14
75.14,1.76,1.98,0.16,-0.14
75.18,1.7,1.53,0.08,-0.57
75.21,1.71,1.56,0.1,-0.51
75.25,1.7,1.86,0.07,-0.24
75.29,1.67,2.07,0.03,-0.03
75.33,1.58,2.15,-0.06,0.01
75.36,1.62,2.19,-0.03,0.08
75.4,1.66,2.05,0.02,-0.06
75.44,1.69,2.11,0.04,0.01
75.48,1.63,1.93,-0.03,-0.17
75.52,1.73,2.13,0.09,0.04
75.55,1.63,1.94,-0.01,-0.14
75.59,1.71,2.15,0.05,0.1
75.63,1.66,2.02,0.02,-0.02
75.67,1.72,1.98,0.08,-0.05
75.7,1.66,2.01,0.0,-0.01
75.74,1.66,2.03,0.02,0.02
75.78,1.62,1.77,-0.06,-0.23
75.82,1.66,1.76,-0.03,-0.22
75.86,1.65,1.76,-0.06,-0.24
75.89,1.63,1.91,-0.09,-0.1
75.93,1.79,2.08,0.09,0.1
75.97,1.69,2.04,-0.02,0.07
76.01,1.63,1.96,-0.08,-0.02
76.05,1.57,1.96,-0.12,-0.03
76.09,1.79,2.15,0.1,0.16
76.12,1.66,1.85,-0.04,-0.12
76.16,1.81,2.08,0.1,0.13
76.2,1.77,1.9,0.04,-0.02
76.24,1.63,1.97,-0.09,0.04
76.27,1.69,2.02,-0.02,0.1
76.31,1.69,1.92,0.0,0.01
76.35,1.76,2.15,0.05,0.25
76.39,1.64,2.21,-0.05,0.31
76.42,1.76,1.87,0.09,-0.05
76.46,1.65,2.15,-0.03,0.21
76.5,1.6,1.78,-0.09,-0.17
76.54,1.64,1.86,-0.05,-0.09
76.58,1.67,1.92,-0.02,-0.02
76.62,1.65,1.69,-0.05,-0.26
76.65,1.63,1.96,-0.06,0.0
76.69,1.58,1.96,-0.08,0.02
76.73,1.57,2.02,-0.09,0.1
76.77,1.63,2.13,-0.03,0.19
76.81,1.76,1.95,0.09,0.01
76.84,1.55,1.85,-0.12,-0.1
76.88,1.71,1.93,0.04,-0.03
76.92,1.77,1.91,0.1,-0.05
76.96,1.73,2.11,0.07,0.16
76.99,1.59,1.94,-0.07,0.0
77.03,1.67,1.81,0.01,-0.12
77.07,1.55,2.03,-0.1,0.09
77.11,1.63,2.01,-0.05,0.07
77.15,1.89,2.22,0.23,0.29
77.18,1.52,2.21,-0.15,0.3
77.22,1.57,2.0,-0.09,0.1
77.26,1.63,1.83,-0.04,-0.07
77.3,1.66,1.98,-0.0,0.07
77.33,1.64,2.11,0.0,0.19
77.37,1.66,2.06,0.0,0.13
77.41,1.49,2.14,-0.17,0.21
77.45,1.67,1.86,0.01,-0.04
77.48,1.64,1.81,-0.01,-0.11
77.52,1.64,1.73,-0.02,-0.16
77.56,1.69,2.06,0.03,0.16
77.6,-65.25,0.27,-66.91,-1.63
77.64,-139.51,0.6,-141.09,-1.27
77.68,-157.35,2.2,-158.47,0.35
77.73,-169.7,1.81,-170.79,-0.11
77.77,-172.96,1.76,-173.98,-0.1
77.82,-171.13,0.76,-172.42,-1.18
77.86,-175.15,-0.24,-176.44,-2.16
77.91,-182.23,1.53,-183.27,-0.41
77.95,-173.68,0.52,-175.04,-1.45
78.0,-169.47,1.0,-171.01,-0.93
78.04,-169.04,0.38,-170.5,-1.58
78.08,-172.42,0.6,-173.95,-1.35
78.13,-176.89,0.06,-178.66,-1.85
78.17,-178.21,-1.26,-180.06,-3.16
78.22,-187.61,0.09,-189.46,-1.83
78.26,-177.94,0.11,-179.78,-1.79
78.31,-177.47,-1.32,-179.25,-3.12
78.35,-165.27,-1.62,-167.24,-3.33
78.4,-172.63,-1.65,-174.63,-3.41
78.44,-173.46,-0.98,-175.44,-2.68
78.49,-172.67,-0.44,-174.77,-2.09
78.53,-175.97,-0.68,-178.03,-2.2
78.58,-180.41,-0.15,-182.21,-1.65
78.62,-177.08,-0.83,-178.66,-2.27
78.67,-171.5,-0.64,-173.12,-1.98
78.71,-171.63,-0.49,-173.12,-1.74
78.76,-167.29,-1.08,-168.5,-2.25
78.81,-166.18,-0.74,-167.83,-1.82
78.85,-173.63,-1.15,-175.42,-2.17
78.9,-178.6,-0.62,-180.41,-1.58
78.94,-168.94,-0.27,-170.56,-1.2
78.99,-179.21,0.44,-180.85,-0.4
79.03,-180.6,-1.15,-182.46,-1.89
79.08,-176.82,-2.49,-178.33,-3.21
79.12,-156.84,0.87,-158.07,0.26
79.17,-166.92,-0.84,-168.09,-1.31
79.21,-174.85,-2.34,-176.14,-2.71
79.26,-170.36,0.43,-171.41,0.16
79.3,-168.34,1.05,-169.28,0.79
79.34,-176.48,-0.18,-177.74,-0.34
79.39,-173.63,1.32,-174.98,1.29
79.43,-164.37,0.93,-165.55,0.88
79.47,-166.27,1.39,-167.61,1.38
79.52,-169.07,0.89,-170.38,0.92
79.56,-169.02,-0.02,-170.4,0.02
79.61,-176.45,0.18,-178.37,0.2
79.65,-176.5,1.73,-178.42,1.8
79.69,-165.26,1.03,-167.23,1.09
79.74,-160.55,0.43,-163.02,0.44
79.78,-169.49,0.53,-171.83,0.55
79.82,-174.93,0.21,-177.89,0.27
79.86,-177.35,0.85,-181.01,0.85
79.91,-180.35,1.61,-184.4,1.64
79.95,-166.59,-0.21,-170.86,-0.21
80.0,-166.49,-0.37,-171.06,-0.38
80.04,-173.94,2.13,-178.68,2.06
80.09,-172.89,0.95,-177.99,0.82
80.13,-171.25,0.0,-176.79,-0.09
80.17,-181.22,-0.1,-187.06,-0.24
80.22,-184.31,0.96,-190.26,0.76
80.26,-176.76,-0.43,-183.04,-0.65
80.31,-173.05,-1.26,-179.57,-1.5
80.35,-173.71,0.06,-180.35,-0.14
80.4,-172.97,-0.39,-179.7,-0.63
80.44,-170.95,-0.27,-177.93,-0.54
80.49,-177.03,-0.11,-184.09,-0.41
80.53,-181.94,0.85,-188.78,0.59
80.58,-177.76,-0.8,-184.42,-1.07
80.62,-178.78,-1.08,-185.53,-1.4
80.67,-169.89,-0.39,-176.45,-0.69
80.71,-167.53,-0.91,-173.72,-1.14
80.76,-161.78,-1.06,-173.72,-1.27
80.8,-172.05,-1.08,-178.08,-1.25
80.85,-175.27,-1.09,-181.05,-1.26
80.89,-168.11,-1.31,-173.51,-1.46
80.94,-174.61,-0.02,-179.74,-0.17
80.98,-179.01,-0.86,-183.99,-1.02
81.03,-182.93,-1.88,-187.82,-1.94
81.07,-168.04,-0.43,-172.62,-0.44
81.12,-165.64,-0.51,-169.88,-0.5
81.17,-162.15,-0.76,-165.94,-0.68
81.21,-170.56,-1.89,-174.38,-1.78
81.26,-175.6,0.08,-179.3,0.18
81.3,-175.82,-0.92,-178.95,-0.81
81.34,-173.97,2.72,-176.86,2.88
81.39,-174.79,1.4,-177.49,1.6
81.43,-160.86,-0.31,-163.38,-0.11
81.48,-169.79,1.27,-172.37,1.47
81.52,-173.44,2.02,-175.91,2.23
81.56,-171.5,0.6,-173.62,0.81
81.61,-169.79,0.71,-171.98,0.92
81.65,-177.92,0.33,-180.17,0.54
81.69,-169.5,1.21,-171.46,1.46
81.74,-166.28,1.02,-168.74,1.24
81.78,-167.79,1.75,-170.35,1.89
81.82,-170.26,0.6,-172.59,0.7
81.87,-171.46,-0.58,-174.39,-0.47
81.91,-177.42,-0.41,-180.47,-0.31
81.96,-180.76,1.99,-184.14,2.04
82.0,-166.89,0.12,-170.55,0.11
82.04,-165.5,-0.15,-169.4,-0.19
82.09,-174.02,0.6,-177.96,0.48
82.13,-175.22,1.2,-179.64,1.15
82.18,-173.1,0.69,-177.96,0.65
82.22,-180.98,1.24,-186.05,1.13
82.26,-179.16,0.21,-184.27,0.11
82.31,-161.81,-0.38,-167.22,-0.58
82.35,-145.11,-1.47,-150.7,-1.64
82.4,-135.56,-1.04,-141.36,-1.27
82.44,-120.14,0.48,-126.22,0.23
82.48,-99.58,-0.77,-105.8,-1.02
82.53,-91.37,-1.69,-97.55,-1.99
82.57,-73.95,-1.62,-80.37,-1.93
82.62,-59.07,-1.26,-65.73,-1.6
82.66,-44.4,-1.4,-51.18,-1.7
82.7,-33.9,-2.02,-40.71,-2.3
82.74,-19.76,-2.07,-26.77,-2.3
82.79,-7.85,-1.97,-14.93,-2.13
82.83,1.53,-1.61,-5.6,-1.73
82.87,1.88,-1.84,-5.25,-1.94
82.91,1.56,-2.2,-5.56,-2.25
82.95,1.55,-1.92,-5.57,-1.92
82.99,1.64,-1.8,-5.45,-1.75
83.03,1.53,-2.0,-5.55,-1.89
83.07,1.56,-1.85,-5.43,-1.7
83.11,1.66,-2.08,-5.27,-1.9
83.15,1.63,-1.84,-5.21,-1.62
83.19,1.66,-1.95,-5.11,-1.7
83.23,1.7,-2.15,-4.96,-1.86
83.27,1.6,-1.84,-4.98,-1.5
83.31,1.66,-1.83,-4.82,-1.46
83.35,1.6,-1.92,-4.79,-1.48
83.39,1.47,-1.85,-4.79,-1.37
83.43,1.56,-1.89,-4.58,-1.35
83.47,1.6,-2.08,-4.43,-1.5
83.51,1.76,-2.0,-4.18,-1.37
83.55,1.67,-2.16,-4.17,-1.47
83.59,1.72,-1.81,-4.01,-1.08
83.63,1.63,-2.07,-4.0,-1.29
83.67,1.57,-1.96,-3.93,-1.15
83.71,1.55,-2.11,-3.82,-1.27
83.75,1.67,-1.95,-3.56,-1.06
83.79,1.54,-1.95,-3.58,-1.0
83.83,1.69,-1.95,-3.32,-0.97
83.87,1.73,-2.01,-3.17,-0.98
83.91,1.75,-1.99,-3.04,-0.92
83.95,1.62,-1.88,-3.08,-0.77
83.99,1.65,-2.14,-2.93,-0.97
84.03,1.53,-2.19,-2.95,-0.99
84.07,1.6,-2.08,-2.77,-0.83
84.11,1.75,-1.95,-2.51,-0.69
84.15,1.55,-2.05,-2.62,-0.76
84.19,1.67,-2.09,-2.4,-0.77
84.23,1.65,-2.05,-2.33,-0.72
84.27,1.76,-1.85,-2.12,-0.48
84.31,1.52,-1.98,-2.25,-0.59
84.35,1.69,-1.96,-1.97,-0.52
84.39,1.56,-1.95,-1.99,-0.49
84.43,1.65,-1.88,-1.81,-0.38
84.47,1.63,-1.9,-1.74,-0.37
84.51,1.71,-1.81,-1.58,-0.22
84.55,1.58,-2.13,-1.61,-0.52
84.59,1.8,-1.89,-1.3,-0.26
84.63,1.6,-2.0,-1.43,-0.34
84.67,1.73,-1.83,-1.22,-0.16
84.71,1.6,-1.9,-1.26,-0.21
84.75,1.65,-1.71,-1.15,-0.02
84.79,1.6,-2.11,-1.14,-0.39
84.83,1.6,-1.96,-1.12,-0.25
84.87,1.61,-1.91,-1.04,-0.18
84.91,1.58,-1.79,-1.01,-0.04
84.95,1.63,-2.18,-0.89,-0.42
84.99,1.58,-1.83,-0.9,-0.04
85.03,1.66,-1.81,-0.75,-0.02
85.07,1.57,-2.02,-0.78,-0.2
85.11,1.57,-1.95,-0.73,-0.14
85.15,1.63,-2.05,-0.61,-0.22
85.19,1.63,-1.93,-0.56,-0.08
85.23,1.53,-1.98,-0.64,-0.12
85.27,1.53,-1.82,-0.59,0.06
85.31,1.68,-1.62,-0.4,0.26
85.35,1.61,-2.02,-0.43,-0.14
85.39,1.77,-2.27,-0.23,-0.38
85.43,1.61,-1.97,-0.37,-0.08
85.47,1.72,-2.06,-0.24,-0.16
85.51,1.55,-2.02,-0.37,-0.11
85.55,1.61,-1.81,-0.29,0.12
85.58,1.56,-2.0,-0.33,-0.07
85.62,1.56,-1.98,-0.31,-0.05
85.66,1.56,-2.05,-0.29,-0.1
85.7,1.76,-1.93,-0.07,-0.01
85.74,1.7,-1.98,-0.09,-0.03
85.78,1.71,-1.73,-0.08,0.22
85.82,1.58,-2.11,-0.18,-0.17
85.86,1.62,-2.08,-0.11,-0.11
85.9,1.56,-2.03,-0.17,-0.08
85.94,1.61,-2.08,-0.11,-0.13
85.98,1.51,-1.98,-0.19,-0.01
86.02,1.72,-1.99,0.01,-0.03
86.06,1.57,-2.08,-0.11,-0.09
86.1,1.58,-1.95,-0.09,0.03
86.14,1.66,-1.89,0.01,0.1
86.18,1.63,-1.9,-0.01,0.11
86.22,1.53,-2.07,-0.12,-0.07
86.26,1.68,-1.78,0.03,0.22
86.29,1.65,-1.93,0.01,0.07
86.33,1.76,-2.0,0.14,-0.01
86.37,1.63,-1.88,0.02,0.09
86.41,1.57,-1.82,-0.03,0.16
86.45,1.63,-1.95,0.03,0.04
86.49,1.53,-2.1,-0.06,-0.11
86.53,1.79,-1.76,0.19,0.23
86.56,1.56,-2.05,-0.04,-0.07
86.6,1.65,-1.94,0.06,0.06
86.64,1.6,-1.85,0.0,0.12
86.68,1.6,-1.92,0.03,0.06
86.72,1.72,-1.93,0.15,0.04
86.76,1.57,-1.95,0.0,0.02
86.79,1.5,-1.97,-0.06,-0.0
86.83,1.62,-2.02,0.07,-0.06
86.87,1.69,-2.04,0.16,-0.08
86.91,1.69,-1.89,0.19,0.07
86.95,1.51,-1.88,0.03,0.09
86.99,1.7,-1.94,0.2,0.04
87.02,1.62,-2.23,0.1,-0.24
87.06,1.79,-2.08,0.25,-0.09
87.1,1.47,-2.01,-0.05,-0.01
87.14,1.66,-1.99,0.13,0.0
87.18,1.53,-1.91,0.0,0.08
87.22,1.69,-1.75,0.14,0.24
87.26,1.55,-1.85,0.01,0.12
87.29,1.72,-2.07,0.17,-0.1
87.33,1.69,-1.92,0.15,0.03
87.37,1.63,-1.99,0.06,-0.05
87.41,1.78,-1.99,0.22,-0.04
87.45,1.55,-1.92,-0.01,0.02
87.49,1.67,-2.18,0.13,-0.26
87.53,1.53,-2.0,-0.01,-0.08
87.57,1.74,-1.89,0.21,0.03
87.6,1.71,-1.92,0.17,0.03
87.64,1.61,-2.15,0.1,-0.2
87.68,1.49,-2.15,-0.02,-0.21
87.72,1.7,-1.9,0.18,0.02
87.76,1.57,-1.94,0.04,0.01
87.8,1.54,-2.1,-0.01,-0.14
87.84,1.68,-1.82,0.13,0.13
87.87,1.58,-2.02,0.03,-0.08
87.91,1.61,-1.76,0.04,0.15
87.95,1.69,-1.95,0.1,-0.02
87.99,1.62,-2.07,0.03,-0.14
88.03,1.64,-2.24,0.05,-0.3
88.07,1.6,-2.13,-0.0,-0.19
88.11,1.68,-1.8,0.09,0.14
88.14,1.61,-1.9,0.02,0.06
88.18,1.67,-1.95,0.07,0.02
88.22,1.63,-2.27,0.03,-0.3
88.26,1.66,-1.98,0.02,0.0
88.3,1.54,-2.03,-0.09,-0.06
88.34,1.6,-1.89,-0.04,0.1
88.38,1.69,-2.0,0.04,-0.01
88.41,1.63,-1.8,-0.01,0.2
88.45,1.63,-2.01,-0.01,0.0
88.49,1.52,-2.03,-0.11,-0.02
88.53,1.68,-1.79,0.06,0.23
88.57,1.78,-1.95,0.17,0.07
88.61,1.75,-2.24,0.13,-0.22
88.65,1.5,-2.16,-0.15,-0.15
88.69,1.69,-1.88,0.06,0.13
88.72,1.68,-2.03,0.05,-0.02
88.76,1.71,-1.92,0.09,0.1
88.8,1.45,-1.85,-0.17,0.16
88.84,1.69,-2.0,0.07,-0.0
88.88,1.42,-1.88,-0.22,0.13
88.92,1.74,-1.83,0.11,0.17
88.96,1.64,-2.02,0.04,-0.01
88.99,1.56,-2.21,-0.02,-0.2
89.03,1.85,-1.95,0.3,0.07
89.07,1.72,-1.95,0.15,0.09
89.11,1.66,-1.9,0.09,0.12
89.15,1.71,-2.12,0.14,-0.1
89.19,1.85,-2.18,0.29,-0.14
89.23,1.63,-1.86,0.08,0.19
89.26,1.6,-1.87,0.04,0.18
89.3,1.69,-1.94,0.1,0.11
89.34,1.58,-2.06,-0.02,-0.02
89.38,1.69,-2.04,0.11,-0.01
89.42,1.67,-2.05,0.1,-0.02
89.46,1.73,-1.94,0.14,0.08
89.49,1.59,-2.02,-0.01,-0.0
89.53,1.77,-1.95,0.19,0.08
89.57,1.66,-1.95,0.08,0.11
89.61,1.58,-1.91,-0.01,0.15
89.65,1.81,-1.96,0.22,0.1
89.69,1.64,-2.02,0.04,0.03
89.72,1.64,-2.05,0.05,-0.02
89.76,1.65,-1.97,0.06,0.05
89.8,1.69,-2.08,0.09,-0.07
89.84,1.75,-1.98,0.15,-0.0
89.88,1.6,-1.95,0.0,0.06
89.92,1.68,-2.07,0.09,-0.07
89.96,1.62,-2.05,0.03,-0.04
90.0,1.66,-2.12,0.05,-0.11
90.03,1.6,-2.03,-0.03,-0.04
90.07,1.67,-2.14,0.03,-0.14
90.11,1.58,-1.75,-0.08,0.25
90.15,1.6,-2.1,-0.06,-0.12
90.19,1.53,-1.83,-0.13,0.15
90.23,1.71,-1.89,0.05,0.09
90.27,1.66,-2.0,0.02,-0.04
90.31,1.71,-1.98,0.05,-0.03
90.35,1.59,-2.01,-0.04,-0.06
90.39,1.64,-1.89,0.01,0.08
90.42,1.63,-1.88,-0.02,0.1
90.46,1.58,-2.03,-0.07,-0.07
90.5,1.69,-2.02,0.04,-0.07
90.54,1.53,-1.99,-0.12,-0.05
90.58,1.82,-1.97,0.17,-0.05
90.62,1.8,-1.8,0.14,0.13
90.66,1.61,-2.0,-0.04,-0.05
90.7,1.64,-2.06,0.0,-0.1
90.74,1.73,-2.08,0.11,-0.13
90.78,1.73,-1.95,0.11,-0.0
90.81,1.73,-1.98,0.08,-0.01
90.85,1.59,-1.91,-0.08,0.07
90.89,1.66,-1.95,-0.04,0.03
90.93,1.52,-1.85,-0.19,0.11
90.97,1.71,-2.02,-0.01,-0.07
91.01,1.51,-2.01,-0.21,-0.05
91.05,1.63,-1.78,-0.07,0.16
91.09,1.52,-1.95,-0.17,-0.0
91.13,1.81,-1.79,0.11,0.15
91.17,1.69,-2.18,0.02,-0.24
91.21,1.77,-2.11,0.11,-0.18
91.24,1.71,-1.93,0.05,0.02
91.28,1.66,-1.91,0.01,0.03
91.32,1.63,-2.05,-0.03,-0.11
91.36,1.54,-2.03,-0.12,-0.09
91.4,1.68,-1.78,-0.01,0.16
91.44,1.68,-2.11,0.01,-0.16
91.48,1.69,-1.89,0.04,0.07
91.52,1.63,-1.83,-0.02,0.14
91.55,1.71,-1.97,0.04,-0.0
91.59,1.71,-1.99,0.06,-0.02
91.63,1.74,-2.06,0.07,-0.07
91.67,1.65,-1.97,-0.03,0.03
91.71,1.63,-1.83,-0.03,0.17
91.75,1.68,-1.91,0.02,0.1
91.79,1.65,-1.89,0.0,0.09
91.82,1.76,-1.95,0.1,0.04
91.86,1.59,-2.21,-0.06,-0.2
91.9,1.53,-2.07,-0.12,-0.06
91.94,1.57,-2.01,-0.08,-0.02
91.98,1.84,-2.15,0.2,-0.14
92.02,1.69,-1.81,0.04,0.2
92.06,1.82,-1.95,0.18,0.07
92.1,1.62,-1.94,-0.02,0.07
92.14,1.73,-2.08,0.09,-0.05
92.17,1.56,-2.02,-0.04,-0.0
92.21,1.73,-1.81,0.1,0.2
92.25,1.61,-2.01,-0.02,0.01
92.29,1.69,-2.13,0.05,-0.11
92.33,1.56,-1.98,-0.08,0.05
92.37,1.61,-2.13,-0.05,-0.12
92.41,1.79,-1.98,0.14,0.02
92.45,1.62,-2.22,-0.03,-0.21
92.49,1.74,-2.02,0.1,-0.01
92.53,1.56,-1.96,-0.08,0.03
92.56,1.6,-2.05,-0.05,-0.07
92.6,1.59,-1.93,-0.06,0.08
92.64,1.63,-1.85,-0.03,0.13
92.68,1.71,-2.15,0.07,-0.17
92.72,1.77,-1.9,0.13,0.07
92.76,1.54,-2.22,-0.1,-0.24
92.8,1.6,-1.95,-0.05,0.03
92.84,1.53,-1.95,-0.11,-0.0
92.88,1.66,-1.96,0.01,-0.01
92.92,1.7,-2.21,0.05,-0.25
92.96,1.6,-2.02,-0.07,-0.05
93.0,1.64,-1.98,-0.02,-0.01
93.04,1.73,-2.11,0.06,-0.13
93.07,1.67,-1.95,0.02,0.02
93.11,1.9,-2.1,0.26,-0.13
93.15,1.72,-1.89,0.1,0.09
93.19,1.7,-1.72,0.09,0.27
93.23,1.5,-2.01,-0.1,-0.01
93.27,1.63,-1.92,0.05,0.1
93.3,1.75,-2.24,0.14,-0.22
93.34,1.69,-1.94,0.07,0.08
93.38,1.69,-1.87,0.07,0.13
93.42,1.67,-2.17,0.06,-0.18
93.46,1.63,-2.24,0.02,-0.25
93.5,1.63,-1.83,0.01,0.15
93.53,1.69,-2.26,0.06,-0.27
93.57,1.55,-1.93,-0.09,0.05
93.61,1.62,-2.02,-0.02,-0.02
93.65,1.59,-2.08,-0.07,-0.07
93.69,1.76,-2.11,0.1,-0.09
93.73,1.63,-2.13,-0.02,-0.11
93.77,1.63,-1.85,-0.02,0.2
93.81,1.66,-1.99,0.0,0.04
93.85,1.68,-1.84,0.02,0.19
93.89,1.78,-2.05,0.1,-0.03
93.92,1.6,-1.97,-0.09,0.05
93.96,1.6,-1.92,-0.1,0.1
94.0,1.69,-1.92,-0.01,0.09
94.04,1.74,-2.14,0.05,-0.14
94.08,1.5,-2.05,-0.18,-0.04
94.12,1.61,-1.9,-0.06,0.08
94.16,1.66,-1.75,-0.02,0.22
94.2,1.71,-2.01,0.03,-0.04
94.24,1.63,-1.92,-0.04,0.05
94.28,1.62,-1.92,-0.05,0.06
94.31,1.6,-2.09,-0.06,-0.13
94.35,1.66,-1.75,0.01,0.21
94.39,1.77,-2.02,0.11,-0.05
94.43,1.45,-2.14,-0.21,-0.17
94.47,1.55,-2.0,-0.12,-0.06
94.51,1.75,-2.08,0.09,-0.15
94.55,1.61,-2.05,-0.04,-0.1
94.59,1.59,-2.03,-0.07,-0.1
94.63,1.71,-2.05,0.04,-0.09
94.67,1.87,-2.06,0.21,-0.11
94.71,1.53,-2.06,-0.13,-0.11
94.75,1.85,-2.08,0.16,-0.13
94.79,1.59,-1.83,-0.11,0.13
94.83,1.66,-2.02,-0.03,-0.06
94.87,1.65,-1.94,-0.05,0.02
94.9,1.64,-1.82,-0.06,0.16
94.94,1.64,-1.86,-0.05,0.11
94.98,1.58,-2.05,-0.11,-0.09
95.02,1.63,-1.89,-0.07,0.07
95.06,1.67,-1.93,-0.02,0.03
95.1,1.53,-2.2,-0.17,-0.24
95.14,1.61,-1.95,-0.07,0.03
95.18,1.62,-2.02,-0.04,-0.06
95.22,1.73,-1.88,0.08,0.07
95.26,1.64,-2.05,0.02,-0.1
95.3,1.6,-1.98,-0.01,-0.03
95.33,1.76,-2.09,0.15,-0.12
95.37,1.76,-1.85,0.13,0.13
95.41,1.57,-1.89,-0.06,0.09
95.45,1.65,-1.84,0.01,0.13
95.49,1.72,-1.82,0.08,0.17
95.53,1.75,-1.95,0.1,0.02
95.56,1.82,-1.96,0.19,0.01
95.6,1.63,-1.87,-0.0,0.1
95.64,1.63,-2.08,0.01,-0.11
95.68,1.65,-1.79,0.02,0.16
95.72,1.71,-2.12,0.08,-0.18
95.76,1.69,-1.89,0.08,0.04
95.79,1.54,-2.09,-0.07,-0.14
95.83,1.79,-1.97,0.16,-0.03
95.87,1.73,-1.93,0.09,-0.0
95.91,1.73,-1.93,0.09,-0.01
95.95,1.68,-1.49,0.04,0.45
95.99,1.68,-1.57,0.06,0.37
96.03,1.6,-2.25,-0.02,-0.32
96.07,1.46,-2.04,-0.18,-0.07
96.11,1.59,-1.78,-0.03,0.2
96.15,1.63,-2.01,-0.01,-0.03
96.19,1.57,-1.83,-0.09,0.15
96.22,1.66,-1.99,-0.0,-0.03
96.26,1.71,-2.16,0.04,-0.17
96.3,1.53,-1.96,-0.14,0.01
96.34,1.77,-2.08,0.11,-0.08
96.38,1.68,-2.05,0.02,-0.03
96.42,1.65,-2.0,-0.02,0.04
96.46,1.69,-2.03,0.02,-0.03
96.5,1.63,-2.17,-0.05,-0.17
96.54,1.56,-1.98,-0.12,0.02
96.58,1.65,-1.94,-0.02,0.05
96.61,1.63,-2.29,-0.03,-0.29
96.65,1.57,-1.73,-0.1,0.25
96.69,1.67,-1.79,0.04,0.21
96.73,1.71,-1.99,0.06,-0.01
96.77,1.73,-1.98,0.08,-0.01
96.81,1.84,-1.98,0.2,-0.03
96.85,1.53,-2.02,-0.11,-0.05
96.89,1.69,-2.04,0.06,-0.08
96.93,1.57,-1.91,-0.04,0.05
96.97,1.74,-2.08,0.12,-0.12
97.0,1.63,-2.11,-0.02,-0.15
97.04,1.62,-1.94,-0.04,0.01
97.08,1.63,-1.95,-0.04,0.0
97.12,1.53,-1.65,-0.12,0.33
97.16,1.59,-2.15,-0.07,-0.16
97.2,1.55,-1.9,-0.09,0.1
97.24,1.7,-1.98,0.04,0.01
97.28,1.69,-1.79,0.04,0.21
97.32,1.69,-2.01,0.03,-0.01
97.35,1.67,-1.97,0.01,0.04
97.39,1.68,-1.66,-0.01,0.33
97.43,1.73,-1.69,0.04,0.29
97.47,1.68,-2.15,-0.01,-0.16
97.51,1.72,-2.04,0.01,-0.06
97.55,1.57,-1.97,-0.11,0.01
97.59,1.5,-2.13,-0.19,-0.16
97.63,1.65,-1.95,-0.04,0.03
97.67,1.61,-2.05,-0.08,-0.07
97.71,1.53,-1.95,-0.18,0.01
97.74,1.6,-1.88,-0.1,0.09
97.78,1.68,-1.93,-0.03,0.02
97.82,1.56,-1.97,-0.14,-0.02
97.86,1.76,-1.83,0.05,0.1
97.9,1.71,-2.3,0.02,-0.34
97.94,1.6,-1.65,-0.1,0.3
97.98,1.62,-1.98,-0.1,-0.03
98.02,1.58,-1.89,-0.17,0.06
98.06,1.6,-2.02,-0.14,-0.06
98.1,1.6,-2.02,-0.14,-0.06
98.14,1.79,-2.02,0.05,-0.06
98.18,1.72,-1.91,-0.0,0.05
98.21,1.71,-1.88,-0.02,0.07
98.25,1.85,-2.27,0.11,-0.33
98.29,1.63,-1.92,-0.09,0.02
98.33,1.61,-2.18,-0.1,-0.22
98.37,1.7,-2.06,0.03,-0.1
98.41,1.84,-1.85,0.16,0.1
98.45,1.98,-2.05,0.3,-0.08
98.49,1.72,-2.27,0.05,-0.3
98.53,1.69,-2.33,0.04,-0.35
98.56,1.73,-2.01,0.09,-0.02
98.6,1.56,-1.98,-0.09,-0.0
98.64,1.49,-1.8,-0.17,0.2
98.68,1.64,-2.05,-0.02,-0.05
98.72,1.5,-2.02,-0.19,-0.03
98.76,-102.41,1.55,-104.08,3.54
98.81,-162.02,0.17,-163.41,2.18
98.85,-169.07,-0.21,-170.16,1.78
98.89,-172.61,-0.44,-173.44,1.57
98.94,-164.93,-1.37,-165.28,0.62
98.98,-168.44,-0.81,-168.72,1.16
99.03,-174.02,-0.56,-173.96,1.39
99.07,-181.04,-0.23,-173.96,1.64
99.11,-179.11,-1.09,-178.49,0.83
99.16,-178.37,-1.15,-177.92,0.82
99.2,-166.31,-0.2,-165.75,1.72
99.25,-166.24,-1.11,-165.31,0.71
99.29,-170.48,-1.92,-169.52,-0.09
99.34,-171.18,-0.79,-170.31,1.09
99.38,-172.28,0.54,-171.29,2.36
99.42,-173.89,1.25,-172.72,2.94
99.47,-179.92,-3.11,-178.7,-1.49
99.51,-166.39,-1.11,-165.06,0.43
99.56,-158.4,-0.86,-156.91,0.68
99.6,-172.29,2.11,-170.9,3.66
99.64,-174.21,1.4,-172.75,2.93
99.69,-167.72,1.01,-165.96,2.47
99.73,-172.49,1.27,-170.74,2.75
99.77,-176.7,0.02,-175.14,1.53
99.82,-169.24,0.84,-167.7,2.33
99.86,-171.99,1.49,-170.84,2.83
99.9,-172.56,1.27,-171.44,2.51
99.95,-168.79,0.35,-167.58,1.61
99.99,-174.21,-0.04,-173.67,1.11
100.04,-182.27,1.8,-181.76,2.88
100.08,-175.17,1.2,-174.82,2.2
100.12,-163.98,-0.24,-164.28,0.71
100.17,-165.16,0.32,-165.64,1.24
100.21,-173.6,0.76,-174.31,1.64
100.26,-175.6,0.65,-176.75,1.48
100.3,-174.0,-0.72,-175.77,0.09
100.35,-187.02,0.95,-188.89,1.72
100.39,-181.36,1.06,-183.47,1.69
100.44,-175.37,1.1,-178.02,1.61
100.48,-165.31,-0.32,-168.35,0.2
100.53,-173.96,1.72,-177.18,2.2
100.57,-170.81,-1.06,-174.45,-0.66
100.62,-171.51,-0.2,-175.61,0.15
100.66,-178.1,-1.05,-182.37,-0.77
100.71,-176.56,-1.13,-181.02,-0.86
100.76,-179.14,-1.65,-183.91,-1.42
100.8,-181.83,-0.77,-186.69,-0.59
100.85,-184.62,-1.81,-189.68,-1.6
100.9,-172.73,-0.23,-178.0,0.02
100.94,-176.31,-0.53,-181.39,-0.3
100.99,-163.8,-1.19,-168.64,-1.01
101.03,-172.15,-0.85,-176.97,-0.68
101.08,-171.27,-1.72,-176.97,-1.65
101.13,-169.95,-0.98,-174.66,-0.93
101.17,-174.73,-0.57,-179.24,-0.53
101.22,-172.09,-0.47,-176.31,-0.41
101.27,-173.84,-0.09,-177.89,0.1
101.31,-182.94,-1.45,-187.08,-1.24
101.36,-183.23,-2.63,-187.02,-2.47
101.4,-168.08,-0.4,-171.58,-0.19
101.45,-168.16,-0.41,-171.36,-0.21
101.5,-158.56,-0.01,-161.33,0.29
101.54,-168.46,-1.49,-171.35,-1.18
101.59,-176.05,1.75,-178.94,2.08
101.63,-170.92,0.21,-173.26,0.53
101.68,-169.56,1.33,-171.66,1.61
101.72,-176.46,-0.59,-178.72,-0.22
101.77,-176.42,1.66,-178.72,2.08
101.81,-165.15,0.97,-167.05,1.36
101.86,-159.13,0.53,-161.08,0.92
101.9,-171.61,0.98,-173.66,1.35
101.95,-175.47,0.35,-177.38,0.7
101.99,-170.69,0.76,-172.94,1.07
102.03,-173.35,0.36,-175.96,0.67
102.08,-175.23,0.88,-177.55,1.14
102.12,-172.94,0.92,-175.52,1.13
102.17,-165.48,0.36,-168.77,0.55
102.21,-166.07,0.72,-169.21,1.03
102.26,-172.04,0.46,-175.25,0.76
102.3,-178.97,-0.32,-182.5,-0.11
102.35,-176.79,0.73,-180.8,0.88
102.39,-185.96,1.01,-189.88,1.07
102.44,-176.4,-0.26,-180.55,-0.23
102.48,-176.12,1.49,-180.69,1.5
102.53,-165.02,0.02,-169.94,-0.0
102.57,-175.31,1.66,-180.32,1.65
102.62,-171.02,-0.88,-176.32,-0.99
102.66,-172.92,-0.09,-178.58,-0.28
102.71,-177.98,-0.72,-183.77,-1.03
102.76,-176.97,-1.24,-182.83,-1.51
102.8,-178.89,-1.7,-185.0,-2.02
102.85,-182.36,-0.93,-188.49,-1.23
102.89,-184.78,-1.73,-190.97,-1.95
102.94,-172.07,-0.21,-178.38,-0.39
102.99,-177.16,-0.7,-183.19,-0.85
103.03,-163.05,-0.86,-168.84,-1.07
103.08,-171.96,-1.39,-177.64,-1.62
103.13,-170.21,-1.43,-177.64,-1.68
103.17,-169.67,-0.81,-175.2,-1.0
103.22,-175.5,-0.51,-180.7,-0.63
103.27,-171.11,-0.35,-175.98,-0.45
103.31,-173.68,-0.17,-178.45,-0.19
103.36,-180.61,-0.95,-185.41,-0.98
103.41,-183.4,-1.82,-188.08,-1.74
103.45,-171.0,0.12,-175.46,0.25
103.5,-167.92,-0.39,-172.02,-0.13
103.54,-158.9,-0.21,-162.51,0.12
103.59,-168.81,-1.39,-172.48,-1.04
103.63,-176.58,1.76,-180.2,2.14
103.68,-171.0,0.16,-174.11,0.51
103.72,-169.76,1.56,-172.58,1.87
103.77,-176.89,-0.46,-179.83,-0.09
103.81,-176.63,1.62,-179.51,2.05
103.86,-165.16,0.9,-167.59,1.28
103.9,-159.28,0.73,-161.77,1.08
103.95,-171.92,1.23,-174.47,1.62
103.99,-175.52,0.41,-177.87,0.79
104.04,-170.55,0.9,-173.25,1.32
104.08,-173.44,0.15,-176.44,0.56
104.12,-176.15,0.93,-178.84,1.3
104.17,-173.6,1.1,-176.53,1.41
104.21,-165.02,0.27,-168.62,0.57
104.26,-165.96,0.83,-169.37,1.14
104.3,-172.15,0.34,-175.65,0.62
104.35,-178.9,0.06,-182.65,0.31
104.39,-178.96,0.62,-183.19,0.78
104.44,-186.61,1.23,-190.83,1.46
104.48,-173.72,-0.47,-178.17,-0.27
104.53,-177.04,1.74,-181.75,1.83
104.57,-165.65,0.62,-170.72,0.68
104.61,-175.27,0.79,-180.36,0.66
104.66,-172.57,-0.27,-177.99,-0.41
104.71,-176.57,-0.29,-182.31,-0.39
104.75,-178.6,-1.33,-184.46,-1.38
104.8,-180.51,-0.73,-186.49,-0.8
104.84,-177.95,-1.69,-184.17,-1.8
104.89,-183.15,-1.22,-189.43,-1.44
104.94,-183.63,-0.9,-189.84,-1.06
104.98,-168.93,-0.58,-175.16,-0.72
105.03,-174.86,-0.42,-180.83,-0.5
105.08,-165.17,-0.89,-170.8,-0.94
105.12,-171.81,-0.85,-177.42,-0.84
105.17,-172.55,-1.14,-177.42,-1.12
105.22,-170.56,-0.91,-175.92,-0.85
105.26,-174.13,-0.41,-179.22,-0.38
105.31,-173.73,-0.75,-178.63,-0.74
105.36,-174.05,-0.51,-178.82,-0.47
105.4,-182.38,-1.1,-187.24,-1.0
105.45,-183.6,-2.63,-188.22,-2.57
105.5,-168.78,-0.25,-173.17,-0.18
105.54,-169.59,-0.18,-173.72,-0.08
105.59,-157.71,0.21,-161.32,0.36
105.63,-169.43,-1.31,-173.05,-1.14
105.68,-176.98,1.74,-180.51,1.94
105.72,-171.19,0.01,-174.24,0.24
105.77,-169.76,1.35,-172.55,1.57
105.81,-177.05,-0.42,-180.01,-0.14
105.86,-176.89,1.51,-179.85,1.86
105.9,-165.29,0.94,-167.8,1.27
105.95,-159.08,0.52,-161.69,0.75
105.99,-171.93,1.23,-174.66,1.56
106.04,-175.89,0.5,-178.4,0.82
106.08,-170.44,0.68,-173.34,1.02
106.12,-173.34,0.11,-176.56,0.42
106.17,-176.64,0.95,-179.58,1.21
106.21,-173.5,0.96,-176.65,1.15
106.26,-164.98,0.54,-168.78,0.7
106.3,-165.98,0.74,-169.6,0.82
106.35,-172.42,0.85,-176.15,0.94
106.39,-178.78,-0.05,-182.81,-0.02
106.44,-176.14,0.22,-180.65,0.19
106.48,-186.24,0.39,-190.65,0.28
106.53,-177.95,0.08,-182.64,-0.03
106.57,-176.35,1.5,-181.49,1.43
106.62,-165.07,0.08,-170.55,-0.01
106.66,-175.44,1.6,-180.96,1.38
106.71,-171.02,-1.06,-176.81,-1.34
106.75,-173.56,-0.05,-179.74,-0.37
106.8,-178.28,-0.96,-184.52,-1.39
106.84,-176.93,-0.93,-183.29,-1.38
106.89,-179.13,-1.66,-185.71,-2.11
106.94,-182.59,-0.98,-189.22,-1.45
106.98,-185.27,-1.79,-191.92,-2.19
107.03,-172.19,-0.27,-178.92,-0.65
107.08,-177.66,-1.08,-184.09,-1.5
107.12,-163.2,-0.78,-169.28,-1.21
107.17,-172.28,-1.47,-178.23,-1.9
107.22,-170.36,-1.69,-178.23,-2.14
107.26,-169.6,-0.82,-175.35,-1.17
107.31,-175.7,-0.6,-181.21,-0.89
107.36,-171.07,-0.51,-176.27,-0.8
107.4,-174.0,-0.29,-179.1,-0.48
107.45,-179.88,-1.02,-185.03,-1.16
107.49,-183.45,-2.23,-188.54,-2.21
107.54,-172.61,0.44,-177.48,0.5
107.59,-169.27,-0.44,-173.68,-0.27
107.63,-157.69,0.39,-161.63,0.61
107.68,-169.21,-1.63,-173.11,-1.38
107.72,-177.08,1.61,-180.87,1.89
107.77,-171.37,0.17,-174.63,0.44
107.81,-170.07,1.5,-173.04,1.74
107.86,-177.08,-0.23,-180.2,0.08
107.9,-173.98,1.46,-177.08,1.83
107.95,-164.63,1.19,-167.39,1.49
107.99,-161.63,0.68,-164.41,1.06
108.03,-171.23,2.1,-173.97,2.57
108.08,-174.78,0.23,-177.37,0.61
108.12,-172.05,0.67,-175.11,0.99
108.17,-174.02,0.3,-177.31,0.56
108.21,-173.5,0.47,-176.47,0.76
108.26,-172.49,1.29,-175.75,1.51
108.3,-166.52,0.36,-170.48,0.51
108.35,-166.94,0.48,-170.73,0.77
108.39,-172.31,0.31,-176.27,0.61
108.43,-179.28,-0.38,-183.51,-0.11
108.48,-177.11,0.63,-181.77,0.84
108.52,-186.49,0.94,-191.02,1.04
108.57,-177.13,0.09,-181.94,0.19
108.61,-177.14,1.53,-182.28,1.6
108.66,-166.25,0.81,-171.74,0.86
108.7,-174.95,0.99,-180.48,0.92
108.75,-172.13,-0.05,-178.0,-0.14
108.79,-177.33,-0.24,-183.49,-0.32
108.84,-178.72,-0.95,-184.96,-1.0
108.89,-181.59,-0.32,-187.95,-0.39
108.93,-178.15,-1.31,-184.75,-1.41
108.98,-182.99,-1.33,-189.66,-1.52
109.03,-183.48,-0.63,-189.99,-0.86
109.07,-168.95,-0.58,-175.47,-0.81
109.12,-175.3,-0.15,-181.55,-0.33
109.16,-165.47,-0.98,-171.39,-1.1
109.21,-172.35,-0.79,-178.22,-0.88
109.26,-173.14,-0.86,-178.22,-0.92
109.3,-170.61,-1.08,-176.24,-1.08
109.35,-174.42,-0.36,-179.89,-0.37
109.4,-173.24,-0.6,-178.54,-0.61
109.44,-174.2,-0.56,-179.42,-0.48
109.49,-182.02,-1.01,-187.36,-0.92
109.54,-183.99,-2.18,-189.21,-2.06
109.58,-169.69,-0.04,-174.67,0.09
109.63,-168.16,-0.41,-172.86,-0.19
109.67,-158.64,0.08,-162.91,0.33
109.72,-169.69,-1.78,-173.98,-1.52
109.77,-177.92,1.23,-182.16,1.48
109.81,-171.76,-0.02,-175.53,0.22
109.85,-169.66,1.04,-173.15,1.26
109.9,-177.37,-0.65,-180.98,-0.36
109.95,-178.73,1.48,-182.26,1.77
109.99,-166.15,0.52,-169.19,0.76
110.03,-157.93,0.13,-161.08,0.37
110.08,-172.57,1.85,-175.82,2.2
110.12,-176.61,0.83,-179.63,1.15
110.17,-169.89,0.34,-173.14,0.56
110.21,-173.73,-0.27,-177.31,-0.03
110.26,-182.68,1.27,-186.07,1.45
110.3,-176.5,1.54,-179.87,1.67
110.35,-164.84,-0.6,-168.59,-0.52
110.39,-165.31,0.15,-169.14,0.3
110.44,-173.92,1.31,-177.89,1.46
110.48,-172.99,1.12,-177.2,1.16
110.53,-172.04,-1.51,-176.7,-1.53
110.57,-186.07,0.31,-190.82,0.26
110.62,-180.5,1.18,-185.46,1.1
110.66,-177.76,0.92,-183.1,0.83
110.71,-168.15,-0.34,-173.55,-0.48
110.75,-170.24,1.43,-175.82,1.24
110.8,-169.56,-1.78,-175.32,-2.05
110.84,-167.08,-0.15,-173.01,-0.46
110.89,-172.93,-0.49,-179.12,-0.77
110.94,-169.74,-1.36,-176.09,-1.61
110.98,-182.47,-0.15,-188.86,-0.39
111.03,-177.07,-0.53,-183.43,-0.76
111.08,-183.95,-0.94,-190.4,-1.12
111.12,-182.37,-0.69,-188.76,-0.9
111.17,-177.74,-0.7,-184.13,-0.86
111.21,-168.77,-1.02,-175.03,-1.14
111.26,-167.67,-0.85,-173.54,-0.96
111.31,-162.0,-0.73,-173.54,-0.79
111.35,-174.58,-1.69,-180.38,-1.71
111.4,-171.41,-1.47,-177.02,-1.39
111.45,-170.07,-0.97,-175.44,-0.83
111.49,-179.6,-0.12,-184.62,0.03
111.54,-171.08,-0.35,-175.6,-0.21
111.59,-179.27,-0.11,-183.59,-0.08
111.63,-182.51,-1.6,-186.94,-1.46
111.68,-180.54,-2.08,-184.47,-1.94
111.72,-169.24,-0.15,-172.79,0.08
111.77,-163.05,-0.8,-165.88,-0.62
111.82,-161.43,0.71,-163.97,0.93
111.86,-174.28,2.22,-176.85,2.52
111.91,-176.31,-0.25,-178.5,-0.03
111.95,-168.72,1.01,-170.51,1.3
112.0,-172.75,0.61,-174.42,0.98
112.04,-182.36,0.95,-184.03,1.38
112.08,-177.36,1.18,-178.81,1.45
112.13,-164.51,0.06,-166.02,0.31
112.17,-166.77,1.45,-168.48,1.79
112.22,-173.5,1.21,-174.93,1.55
112.26,-177.96,0.34,-179.53,0.6
112.31,-173.75,0.48,-175.91,0.72
112.35,-183.33,0.85,-185.31,1.16
112.4,-175.36,0.34,-177.17,0.59
112.44,-177.46,1.52,-179.96,1.7
112.48,-167.15,0.51,-169.91,0.66
112.53,-173.18,0.95,-176.09,1.15
112.57,-174.79,0.11,-177.84,0.29
112.62,-180.37,-0.12,-183.94,-0.03
112.66,-176.82,0.38,-180.64,0.44
112.71,-182.27,0.16,-186.22,0.24
112.75,-175.85,0.95,-180.04,1.02
112.8,-167.6,0.53,-172.13,0.51
112.84,-167.19,-0.45,-171.78,-0.48
112.89,-168.53,-1.04,-173.14,-1.15
112.93,-167.91,-0.37,-172.74,-0.58
112.98,-171.52,-0.32,-176.46,-0.55
113.03,-177.47,0.07,-182.37,-0.22
113.07,-173.93,-0.04,-178.98,-0.27
113.12,-186.93,0.04,-191.98,-0.25
113.16,-180.38,-0.76,-185.23,-1.07
113.21,-179.23,-0.74,-184.26,-1.03
113.26,-172.21,-0.67,-177.16,-0.94
113.3,-167.92,-0.66,-172.61,-0.89
113.35,-163.65,-0.33,-172.61,-0.56
113.4,-173.71,-0.87,-178.19,-1.09
113.44,-168.05,-1.37,-172.72,-1.54
113.49,-175.01,-0.84,-179.61,-0.91
113.54,-179.12,-0.92,-183.52,-0.99
113.58,-169.91,-0.22,-173.91,-0.26
113.63,-182.14,0.87,-185.8,0.86
113.67,-179.05,-2.53,-182.42,-2.64
113.72,-181.69,-1.32,-184.88,-1.33
113.77,-174.76,-1.94,-177.87,-1.95
113.81,-165.33,-1.11,-167.76,-1.09
113.86,-156.58,-0.06,-158.73,-0.07
113.91,-172.15,2.01,-174.44,2.05
113.95,-171.19,2.38,-173.35,2.49
113.99,-167.63,1.07,-169.39,1.18
114.04,-173.92,-0.34,-175.8,-0.27
114.08,-177.85,0.86,-179.96,0.87
114.13,-184.82,1.51,-186.69,1.58
114.17,-165.23,0.27,-166.8,0.37
114.22,-166.27,0.75,-168.27,0.81
114.26,-170.47,0.89,-172.75,0.95
114.31,-172.79,1.13,-174.82,1.25
114.35,-168.87,-0.27,-171.05,-0.22
114.4,-184.02,0.24,-186.74,0.19
114.44,-180.67,1.44,-183.46,1.37
114.49,-179.34,0.49,-182.08,0.49
114.53,-167.11,0.34,-170.05,0.35
114.57,-173.66,0.6,-177.02,0.56
114.62,-174.68,2.32,-178.21,2.33
114.66,-171.4,0.56,-175.27,0.53
114.71,-176.44,-0.08,-180.66,-0.13
114.75,-178.01,0.4,-182.52,0.24
114.8,-181.82,1.22,-186.62,1.1
114.84,-178.81,0.08,-183.75,-0.12
114.89,-174.64,-0.31,-179.78,-0.54
114.93,-175.74,-1.81,-181.11,-2.07
114.98,-174.89,0.15,-180.44,-0.15
115.03,-172.59,-1.31,-178.29,-1.61
115.07,-172.03,-0.72,-178.0,-1.08
115.12,-178.12,-0.66,-184.15,-0.96
115.17,-175.55,-0.05,-181.58,-0.29
115.21,-176.83,-0.53,-182.84,-0.7
115.26,-179.95,-0.6,-185.65,-0.79
115.31,-178.5,-0.85,-184.07,-1.04
115.35,-183.15,-1.34,-188.77,-1.5
115.4,-180.65,-0.92,-188.77,-1.1
115.44,-167.07,-0.81,-172.23,-0.88
115.49,-173.21,-0.18,-178.23,-0.19
115.54,-164.29,-0.54,-169.29,-0.51
115.58,-170.97,-0.61,-176.15,-0.57
115.63,-175.76,-2.39,-180.98,-2.28
115.68,-172.66,-2.06,-177.94,-1.92
115.72,-174.32,0.19,-179.39,0.3
115.77,-171.54,0.53,-176.21,0.62
115.81,-174.98,-2.4,-179.42,-2.33
115.86,-178.07,-0.31,-182.62,-0.12
115.9,-174.61,1.16,-178.91,1.37
115.95,-160.94,0.31,-164.69,0.59
115.99,-163.8,1.22,-167.7,1.55
116.04,-176.35,0.68,-180.29,0.92
116.08,-178.18,-0.29,-181.94,-0.07
116.13,-168.07,0.11,-171.71,0.26
116.17,-179.17,0.44,-183.0,0.66
116.22,-181.0,1.18,-184.74,1.42
116.26,-175.81,1.24,-179.42,1.43
116.31,-159.56,0.27,-163.56,0.41
116.35,-169.92,0.98,-173.93,1.11
116.39,-176.71,1.18,-180.57,1.29
116.44,-175.92,0.0,-180.29,0.05
116.48,-173.87,0.05,-178.47,0.11
116.53,-178.58,-0.18,-182.94,-0.07
116.57,-177.31,1.65,-181.83,1.78
116.62,-167.85,-0.16,-172.72,-0.08
116.67,-166.64,-0.67,-171.64,-0.63
116.71,-174.39,2.3,-179.44,2.3
116.76,-171.99,1.02,-177.45,0.94
116.8,-170.87,-0.16,-176.68,-0.34
116.85,-178.45,-0.66,-184.5,-0.82
116.89,-178.94,-1.17,-185.19,-1.37
116.94,-191.8,-0.94,-198.13,-1.17
116.99,-180.19,0.15,-186.67,-0.15
117.03,-176.66,-1.4,-183.24,-1.68
117.08,-171.52,-0.07,-178.01,-0.36
117.12,-170.89,-0.67,-177.26,-0.95
117.17,-163.4,-0.44,-169.81,-0.67
117.22,-175.79,-1.44,-182.08,-1.7
117.26,-169.89,-0.98,-176.14,-1.28
117.31,-172.32,-1.07,-178.64,-1.34
117.36,-177.76,-0.71,-183.85,-0.96
117.4,-171.19,-0.22,-183.85,-0.48
117.45,-185.57,-0.51,-191.36,-0.7
117.5,-179.8,-1.23,-185.51,-1.42
117.54,-181.27,-1.4,-187.1,-1.52
117.59,-177.63,-1.07,-183.18,-1.21
117.64,-170.82,-0.81,-175.89,-0.86
117.68,-164.37,0.49,-168.94,0.44
117.73,-172.69,-1.18,-176.87,-1.16
117.77,-171.65,-1.95,-175.66,-1.88
117.82,-177.4,-1.74,-181.31,-1.56
117.87,-179.52,-0.38,-182.98,-0.15
117.91,-166.86,-0.27,-169.76,-0.01
117.96,-180.6,-1.02,-183.46,-0.71
118.0,-179.76,2.59,-182.56,2.9
118.05,-174.49,1.31,-176.84,1.74
118.09,-162.21,-0.25,-164.41,0.25
118.14,-169.46,1.03,-171.71,1.4
118.18,-171.21,1.94,-173.37,2.37
118.23,-171.22,1.43,-173.1,1.89
118.27,-170.55,-1.0,-172.41,-0.58
118.32,-175.43,0.59,-177.79,1.08
118.36,-176.66,1.07,-179.03,1.58
118.41,-168.59,0.1,-170.6,0.61
118.45,-169.24,0.67,-171.72,1.24
118.5,-170.64,1.8,-173.65,2.34
118.54,-168.63,1.24,-171.46,1.77
118.58,-171.47,0.41,-174.46,0.88
118.63,-179.9,-0.53,-183.26,-0.07
118.68,-179.44,0.81,-183.33,1.32
118.72,-187.55,1.68,-191.45,2.23
118.76,-175.61,-0.32,-179.77,0.15
118.81,-177.88,1.42,-182.25,1.81
118.85,-166.2,0.91,-170.97,1.22
118.9,-176.21,0.48,-181.02,0.65
118.94,-172.53,-0.15,-177.65,0.03
118.99,-178.23,-0.27,-183.78,-0.04
119.03,-179.44,-0.95,-185.11,-0.7
119.08,-182.05,-0.57,-187.9,-0.4
119.13,-178.98,-1.76,-185.07,-1.6
119.17,-183.5,-1.02,-189.67,-0.89
119.22,-184.91,-1.21,-190.97,-1.07
119.27,-169.75,-0.02,-175.81,0.08
119.31,-175.03,-0.5,-180.8,-0.29
119.36,-166.18,-1.09,-171.63,-0.87
119.41,-172.2,-0.92,-177.61,-0.65
119.45,-173.61,-0.97,-177.61,-0.71
119.5,-170.79,-1.08,-175.97,-0.79
119.54,-174.47,-0.28,-179.43,0.0
119.59,-174.63,-0.68,-179.42,-0.42
119.64,-174.79,-0.95,-179.54,-0.69
119.68,-183.47,-1.25,-188.39,-0.95
119.73,-184.89,-2.63,-189.53,-2.42
119.78,-169.4,-0.35,-173.81,-0.11
119.82,-170.64,-0.16,-174.8,0.09
119.87,-159.23,-0.11,-162.87,0.17
119.91,-169.47,-1.3,-173.28,-1.0
119.96,-177.2,1.66,-181.02,1.95
120.0,-171.49,0.23,-174.81,0.58
120.05,-169.69,1.0,-172.66,1.28
120.09,-177.94,-0.76,-181.13,-0.46
120.14,-180.07,1.56,-183.2,1.89
120.18,-166.9,0.5,-169.6,0.86
120.23,-157.76,0.54,-160.56,0.86
120.27,-173.27,1.88,-176.31,2.18
120.32,-176.86,0.6,-179.69,0.9
120.36,-169.88,0.45,-172.91,0.74
120.4,-174.6,0.08,-177.98,0.27
120.45,-183.11,1.27,-186.35,1.41
120.49,-176.68,1.68,-179.97,1.8
120.54,-165.05,-0.61,-168.78,-0.53
120.58,-165.82,0.1,-169.52,0.15
120.63,-174.71,1.32,-178.59,1.38
120.67,-173.77,0.97,-177.97,0.96
120.72,-172.18,-1.63,-176.73,-1.67
120.76,-186.24,0.15,-190.88,0.1
120.81,-181.03,1.09,-185.86,1.02
120.85,-179.79,0.82,-185.0,0.75
120.9,-169.17,-0.16,-174.48,-0.28
120.94,-170.15,1.37,-175.75,1.22
120.99,-169.24,-1.7,-175.02,-1.95
121.03,-166.81,-0.21,-172.71,-0.51
121.08,-171.27,-0.56,-177.43,-0.83
121.13,-169.54,-0.34,-175.88,-0.61
121.17,-181.7,0.13,-188.04,-0.14
121.22,-176.85,-1.15,-183.23,-1.44
121.27,-185.18,-0.99,-191.64,-1.23
121.31,-182.57,-1.03,-188.88,-1.26
121.36,-178.67,-1.29,-185.03,-1.48
121.4,-170.21,-1.04,-176.48,-1.28
121.45,-168.13,-0.99,-174.03,-1.22
121.5,-161.56,-0.87,-174.03,-1.11
121.54,-176.13,-1.32,-181.84,-1.52
121.59,-169.8,-1.51,-175.41,-1.7
121.64,-173.2,-0.73,-178.61,-0.91
121.68,-180.51,-0.37,-185.49,-0.5
121.73,-169.2,-0.5,-173.63,-0.6
121.78,-181.76,1.48,-185.99,1.46
121.82,-181.42,-1.64,-185.34,-1.69
121.87,-181.32,-2.13,-184.79,-2.1
121.91,-171.42,-0.56,-174.66,-0.48
121.96,-163.79,-1.38,-166.3,-1.34
122.01,-157.6,0.22,-159.76,0.37
122.1,-177.51,0.25,-179.59,0.52
122.14,-168.95,1.14,-170.57,1.33
122.18,-172.83,0.49,-174.3,0.8
122.23,-182.62,0.8,-184.17,1.19
122.27,-177.76,1.19,-179.1,1.47
122.36,-166.85,1.4,-168.38,1.83
122.41,-173.99,1.21,-175.23,1.66
122.45,-178.34,0.95,-179.67,1.38
122.49,-172.46,-0.06,-174.33,0.27
122.54,-182.68,-0.19,-184.51,0.1
122.59,-183.53,1.78,-185.27,2.14
122.63,-179.76,1.36,-182.14,1.73
122.67,-163.95,0.01,-166.62,0.38
122.72,-175.92,0.65,-178.71,0.9
122.76,-175.67,1.55,-178.64,1.75
122.81,-176.73,0.44,-180.27,0.65
122.85,-176.32,0.59,-180.1,0.75
122.9,-182.27,-0.06,-186.17,0.04
122.94,-179.31,1.6,-183.48,1.65
122.99,-166.48,0.19,-171.08,0.19
123.03,-169.54,-0.47,-174.22,-0.46
123.08,-168.74,-1.16,-173.4,-1.17
123.12,-167.74,-0.18,-172.69,-0.17
123.17,-172.53,0.69,-177.51,0.68
123.21,-177.74,0.21,-182.75,0.19
123.3,-186.79,-0.37,-191.9,-0.5
123.35,-180.67,-0.92,-185.59,-1.14
123.4,-179.34,-1.0,-184.42,-1.2
123.44,-172.96,-0.63,-177.93,-0.79
123.49,-168.46,-0.65,-173.13,-0.81
123.54,-164.16,-0.3,-173.13,-0.45
123.58,-173.93,-1.06,-178.38,-1.23
123.63,-168.11,-1.08,-172.78,-1.22
123.68,-175.54,-1.1,-180.19,-1.18
123.72,-178.59,-1.02,-183.08,-1.1
123.86,-178.15,-2.55,-181.67,-2.68
123.91,-182.0,-1.76,-185.45,-1.74
123.95,-176.58,-2.2,-179.96,-2.21
124.0,-166.1,-1.27,-168.91,-1.22
124.05,-157.31,-0.27,-159.89,-0.3
124.09,-170.84,1.03,-173.45,1.08
124.14,-169.5,2.07,-171.94,2.2
124.18,-168.37,1.17,-170.55,1.34
124.23,-174.67,-1.59,-176.96,-1.43
124.27,-176.54,0.96,-179.05,1.14
124.32,-185.18,2.24,-187.45,2.46
124.36,-166.59,-0.05,-168.58,0.09
124.41,-170.07,0.67,-172.45,0.95
124.45,-167.1,1.18,-169.93,1.44
124.49,-170.6,1.29,-173.25,1.58
124.54,-173.03,-0.16,-175.7,0.16
124.58,-181.57,0.53,-185.03,0.84
124.63,-178.09,1.01,-181.75,1.26
124.67,-179.25,0.35,-182.67,0.53
124.72,-169.07,0.83,-172.74,1.05
124.76,-171.41,1.11,-175.56,1.27
124.81,-173.89,2.21,-178.12,2.27
124.85,-170.33,0.24,-174.7,0.21
124.89,-176.49,-0.14,-181.21,-0.12
124.94,-175.6,0.56,-180.72,0.55
124.99,-181.65,1.18,-186.98,1.15
125.03,-182.46,0.62,-187.85,0.58
125.07,-174.12,-0.49,-179.88,-0.61
125.12,-175.73,-1.73,-181.67,-1.87
125.17,-174.79,0.52,-180.91,0.34
125.21,-174.0,-0.8,-180.21,-1.02
125.26,-171.08,-0.65,-177.51,-0.91
125.3,-178.73,-0.21,-185.14,-0.49
125.35,-176.7,0.07,-183.05,-0.2
125.4,-175.53,-0.21,-181.77,-0.52
125.54,-179.53,-0.21,-185.36,-0.41
125.58,-176.82,-0.95,-185.36,-1.17
125.63,-166.62,-0.47,-171.93,-0.67
125.67,-168.01,-0.52,-173.24,-0.76
125.72,-169.05,-0.73,-174.33,-0.94
125.77,-171.46,-1.23,-176.81,-1.38
125.81,-179.44,-2.0,-184.66,-2.14
125.86,-173.48,-1.48,-178.42,-1.54
125.91,-171.22,0.79,-175.79,0.73
125.95,-174.59,1.04,-178.95,1.02
126.04,-170.5,-1.26,-174.67,-1.26
126.09,-170.67,0.37,-174.72,0.48
126.13,-162.91,2.08,-166.37,2.06
126.18,-164.57,2.08,-168.07,2.12
126.22,-173.27,0.63,-176.73,0.76
126.27,-177.53,-0.95,-181.03,-0.8
126.31,-170.99,0.89,-174.46,1.02
126.36,-181.2,1.06,-184.71,1.22
126.4,-174.81,0.22,-178.04,0.41
126.45,-173.79,0.74,-177.08,0.83
126.53,-169.6,0.69,-173.08,0.69
126.58,-176.11,0.56,-179.48,0.61
126.62,-180.47,0.46,-184.57,0.5
126.67,-177.0,0.82,-181.27,0.86
126.71,-179.11,0.44,-183.06,0.46
126.76,-169.61,1.01,-173.75,1.07
126.8,-170.73,0.86,-175.27,0.93
126.84,-173.45,2.18,-177.98,2.21
126.89,-170.73,0.1,-175.41,0.07
126.93,-177.14,-0.19,-182.27,-0.19
126.98,-174.76,0.79,-180.18,0.78
127.02,-182.36,1.6,-188.03,1.54
127.07,-184.63,0.67,-190.31,0.54
127.11,-175.3,-0.27,-181.38,-0.35
127.16,-175.74,-1.45,-182.02,-1.64
127.21,-178.41,-0.4,-184.88,-0.6
127.25,-169.69,-1.31,-176.26,-1.52
127.3,-173.67,-0.66,-180.45,-0.81
127.35,-175.66,-1.05,-182.43,-1.23
127.39,-172.01,-0.85,-178.86,-1.04
127.44,-177.76,-0.23,-184.58,-0.46
127.48,-176.18,-0.11,-182.59,-0.33
127.53,-179.53,-0.69,-185.78,-0.87
127.58,-182.37,-0.57,-185.78,-0.76
127.62,-184.41,-1.03,-190.55,-1.13
127.67,-173.11,-0.21,-179.0,-0.24
127.72,-177.4,-0.77,-182.74,-0.8
127.76,-161.59,-0.6,-166.58,-0.69
127.81,-168.8,-0.08,-173.63,-0.12
127.86,-170.66,-1.76,-175.36,-1.73
127.9,-172.89,-1.57,-177.56,-1.54
127.95,-178.87,-0.5,-183.2,-0.42
128.0,-169.3,-0.55,-173.04,-0.5
128.04,-173.74,1.31,-177.03,1.34
128.09,-180.44,-1.57,-183.56,-1.51
128.13,-185.04,2.24,-187.87,2.47
128.18,-166.29,-0.89,-168.84,-0.75
128.22,-173.34,0.35,-175.78,0.51
128.27,-165.21,1.27,-167.28,1.46
128.31,-169.85,2.11,-171.78,2.37
128.36,-174.76,0.34,-176.51,0.58
128.4,-179.47,-0.89,-181.37,-0.65
128.45,-174.95,1.31,-177.09,1.59
128.49,-179.27,0.96,-181.13,1.22
128.54,-170.89,1.03,-172.59,1.25
128.58,-166.65,0.71,-168.85,0.91
128.63,-165.22,0.83,-167.57,1.02
128.67,-170.81,0.82,-172.85,0.93
128.71,-176.84,0.11,-179.41,0.26
128.76,-176.69,0.93,-179.92,1.08
128.85,-178.26,0.53,-181.71,0.54
128.89,-173.27,0.0,-177.11,-0.05
128.94,-171.15,1.16,-175.26,1.11
128.98,-171.01,0.44,-175.14,0.32
129.03,-174.02,0.48,-178.29,0.32
129.07,-176.76,0.18,-181.45,0.03
129.11,-178.12,-0.93,-183.14,-1.12
129.16,-192.14,-1.27,-197.15,-1.55
129.21,-179.99,0.45,-185.15,0.14
129.25,-176.65,-1.23,-181.96,-1.53
129.3,-171.43,0.19,-176.64,-0.11
129.34,-171.14,-0.79,-176.24,-1.07
129.39,-163.31,-0.56,-168.44,-0.82
129.44,-176.41,-1.38,-181.48,-1.62
129.48,-171.15,-1.11,-176.21,-1.4
129.58,-179.1,-0.37,-184.08,-0.67
129.62,-171.84,-0.61,-184.08,-0.91
129.67,-186.26,-0.3,-190.95,-0.57
129.71,-181.09,-1.28,-185.69,-1.57
129.76,-181.47,-1.46,-186.18,-1.66
129.81,-177.84,-1.07,-182.26,-1.3
129.85,-171.58,-0.4,-175.51,-0.56
129.9,-164.93,0.83,-168.42,0.64
129.94,-172.47,-0.62,-175.51,-0.76
129.99,-171.44,-1.59,-174.3,-1.68
130.04,-177.68,-1.85,-180.49,-1.87
130.08,-180.2,-0.4,-182.76,-0.38
130.13,-166.66,0.34,-168.68,0.38
130.18,-180.88,-0.75,-182.82,-0.56
130.22,-182.32,2.08,-184.31,2.41
130.27,-174.82,1.77,-176.28,2.17
130.31,-160.24,-0.34,-161.55,0.16
130.36,-171.31,0.98,-172.71,1.51
130.4,-173.58,1.91,-174.9,2.32
130.44,-171.42,1.53,-172.42,1.98
130.49,-170.09,-0.2,-171.14,0.23
130.53,-177.15,0.84,-178.62,1.16
130.58,-179.05,1.63,-180.49,1.9
130.62,-165.63,0.3,-166.86,0.54
130.67,-163.82,-0.01,-165.51,0.18
130.71,-172.42,1.74,-174.5,1.84
130.76,-169.56,1.26,-171.48,1.23
130.8,-170.47,0.83,-172.71,0.72
130.85,-179.88,-0.22,-182.47,-0.3
130.89,-180.38,1.0,-183.49,0.97
130.94,-187.73,1.31,-190.87,1.35
130.98,-173.91,-0.5,-177.36,-0.49
131.03,-177.45,1.21,-181.24,1.14
131.07,-166.03,0.79,-170.2,0.7
131.12,-176.33,0.68,-180.6,0.45
131.16,-171.95,-0.34,-176.6,-0.57
131.21,-176.39,0.16,-181.4,-0.02
131.25,-179.35,-1.02,-184.51,-1.14
131.3,-181.54,-0.49,-186.87,-0.63
131.35,-178.64,-1.47,-184.29,-1.64
131.39,-183.55,-1.23,-189.31,-1.47
131.44,-184.81,-1.2,-190.53,-1.38
131.48,-169.06,-0.29,-174.83,-0.45
131.53,-177.02,-0.13,-182.5,-0.16
131.58,-164.69,-1.02,-169.87,-1.04
131.62,-172.63,-1.08,-177.82,-1.08
131.67,-172.22,-1.46,-177.82,-1.54
131.72,-170.14,-1.08,-175.19,-1.16
131.76,-175.26,-0.61,-180.03,-0.68
131.81,-171.85,-0.8,-176.29,-0.91
131.86,-173.96,-0.08,-178.35,-0.15
131.9,-180.86,-1.02,-185.3,-1.08
131.95,-184.34,-2.04,-188.64,-2.02
132.0,-173.11,0.28,-177.28,0.3
132.04,-169.92,-0.34,-173.69,-0.2
132.09,-157.79,0.45,-160.98,0.63
132.13,-169.14,-1.2,-172.28,-0.98
132.18,-177.44,1.65,-180.54,1.9
132.22,-171.82,0.15,-174.49,0.43
132.27,-170.02,1.27,-172.38,1.52
132.31,-177.6,-0.83,-180.11,-0.48
132.36,-179.37,1.69,-181.84,2.1
132.4,-166.31,0.69,-168.29,1.06
132.45,-157.91,0.11,-159.91,0.4
132.49,-172.76,1.78,-174.95,2.1
132.53,-177.29,0.89,-179.28,1.14
132.58,-170.22,0.18,-172.37,0.35
132.62,-174.04,0.24,-176.51,0.4
132.71,-176.34,1.3,-178.82,1.31
132.76,-164.4,-0.44,-167.39,-0.4
132.8,-165.53,0.51,-168.44,0.53
132.85,-174.53,0.95,-177.55,0.95
132.89,-174.59,1.27,-177.91,1.26
132.94,-172.78,-1.62,-176.55,-1.69
132.98,-187.5,0.43,-191.39,0.39
133.03,-181.53,1.52,-185.75,1.51
133.07,-178.15,0.79,-182.8,0.74
133.11,-168.27,-0.52,-172.95,-0.6
133.16,-170.69,1.46,-175.63,1.33
133.21,-170.42,-2.02,-175.53,-2.22
133.25,-167.26,-0.26,-172.57,-0.5
133.3,-172.82,-1.1,-178.35,-1.31
133.35,-169.67,-1.08,-175.41,-1.29
133.39,-182.6,-0.24,-188.42,-0.42
133.44,-176.87,-1.07,-182.64,-1.23
133.48,-184.88,-0.98,-190.77,-1.11
133.53,-182.97,-1.13,-188.68,-1.26
133.58,-178.41,-1.23,-184.22,-1.32
133.62,-170.33,-0.96,-176.08,-1.14
133.67,-168.36,-1.23,-173.69,-1.37
133.72,-161.69,-0.87,-173.69,-1.03
133.76,-176.58,-1.12,-181.78,-1.22
133.81,-170.18,-1.37,-175.25,-1.44
133.86,-172.72,-1.07,-177.61,-1.12
133.9,-180.53,-0.55,-185.09,-0.57
133.95,-169.08,-0.21,-173.11,-0.23
134.0,-181.15,1.77,-184.91,1.8
134.04,-181.73,-1.48,-185.22,-1.49
134.09,-181.27,-2.05,-184.33,-2.03
134.13,-170.98,-0.26,-173.77,-0.18
134.18,-163.71,-1.04,-165.76,-1.04
134.23,-157.53,0.19,-159.27,0.27
134.27,-174.18,1.73,-176.03,1.87
134.31,-177.58,0.17,-179.15,0.31
134.36,-169.24,1.05,-170.37,1.17
134.4,-172.61,0.94,-173.6,1.17
134.45,-181.84,0.93,-182.92,1.27
134.49,-177.22,1.11,-178.09,1.39
134.54,-164.73,0.03,-165.65,0.3
134.58,-166.68,1.01,-167.83,1.38
134.62,-173.52,0.95,-174.39,1.41
134.67,-178.46,0.49,-179.46,0.88
134.71,-173.42,0.39,-175.02,0.68
134.76,-182.76,0.43,-184.26,0.74
134.8,-174.69,0.37,-176.1,0.62
134.85,-177.34,1.2,-179.45,1.36
134.89,-167.9,0.89,-170.3,0.97
134.94,-172.84,0.87,-175.45,0.92
134.98,-174.54,-0.11,-177.37,-0.08
135.03,-177.91,0.06,-181.31,0.0
135.07,-177.29,0.6,-180.92,0.44
135.11,-182.34,0.42,-186.15,0.27
135.16,-174.76,0.64,-178.73,0.42
135.2,-167.76,0.63,-172.13,0.35
135.25,-167.44,-0.82,-171.91,-1.1
135.29,-167.85,-1.32,-172.44,-1.62
135.34,-167.81,-0.33,-172.65,-0.72
135.39,-171.21,-0.15,-176.19,-0.57
135.43,-178.31,0.02,-183.29,-0.43
135.48,-174.08,-0.28,-179.15,-0.68
135.53,-186.76,0.37,-191.83,0.0
135.57,-182.27,-0.81,-187.09,-1.15
135.62,-178.45,-1.44,-183.49,-1.79
135.66,-170.34,-0.76,-175.33,-1.14
135.71,-167.9,-0.86,-172.64,-1.21
135.76,-161.51,-0.72,-172.64,-1.03
135.8,-175.71,-1.44,-180.32,-1.68
135.85,-169.63,-1.66,-174.23,-1.93
135.89,-173.95,-0.59,-178.46,-0.8
135.94,-180.56,-0.53,-184.67,-0.68
136.03,-181.63,1.62,-184.98,1.64
136.08,-181.37,-1.64,-184.56,-1.68
136.13,-181.52,-2.09,-184.34,-2.03
136.17,-172.53,-0.46,-175.13,-0.36
136.22,-164.47,-1.18,-166.35,-1.05
136.26,-157.13,-0.05,-158.71,0.14
136.31,-173.73,2.36,-175.43,2.69
136.35,-176.08,0.78,-177.61,1.12
136.4,-167.66,1.08,-168.7,1.33
136.44,-172.4,0.37,-173.44,0.59
136.49,-183.53,0.88,-184.79,1.13
136.53,-179.4,1.35,-180.4,1.54
136.58,-164.53,0.31,-165.45,0.52
136.62,-166.21,0.95,-167.43,1.15
136.66,-173.81,1.52,-174.93,1.74
136.71,-178.31,0.77,-179.46,0.97
136.75,-170.68,-0.15,-172.33,0.03
136.8,-182.89,-0.66,-184.56,-0.52
136.85,-185.27,2.29,-186.83,2.41
136.89,-179.85,1.0,-181.85,1.01
136.93,-163.76,-0.54,-165.95,-0.55
136.98,-174.89,1.05,-177.42,1.09
137.02,-175.15,2.12,-177.92,2.17
137.07,-172.5,0.45,-175.69,0.47
137.11,-176.08,-0.1,-179.62,-0.17
137.16,-179.58,0.69,-183.34,0.55
137.2,-182.18,1.63,-186.27,1.46
137.25,-175.98,-0.37,-180.3,-0.56
137.3,-174.81,-0.25,-179.34,-0.45
137.34,-176.21,-1.64,-180.96,-1.83
137.39,-175.58,0.26,-180.52,0.05
137.43,-173.86,-0.97,-178.9,-1.19
137.48,-171.45,-0.73,-176.74,-0.97
137.53,-178.8,-0.24,-184.09,-0.47
137.57,-176.31,-0.17,-181.63,-0.35
137.62,-176.1,-0.42,-181.33,-0.61
137.66,-181.22,-0.26,-186.16,-0.43
137.71,-178.21,-1.05,-182.98,-1.2
137.76,-182.37,-1.05,-187.21,-1.16
137.8,-179.41,-1.18,-187.21,-1.31
137.9,-171.02,-0.63,-175.25,-0.7
137.94,-166.08,-0.91,-170.29,-0.9
137.99,-170.69,-0.73,-175.15,-0.66
138.04,-177.62,-2.31,-182.13,-2.21
138.08,-172.58,-2.23,-177.02,-2.05
138.13,-173.05,0.56,-177.18,0.72
138.17,-173.03,1.25,-176.97,1.35
138.22,-176.6,-2.57,-180.4,-2.46
138.26,-174.81,-0.59,-178.64,-0.36
138.31,-173.49,1.03,-177.13,1.3
138.36,-160.95,0.66,-164.0,0.97
138.4,-163.64,1.45,-166.81,1.85
138.44,-175.37,0.31,-178.62,0.74
138.49,-178.12,-0.65,-181.29,-0.23
138.53,-169.05,-0.13,-172.17,0.24
138.58,-179.15,0.4,-182.45,0.84
138.62,-181.9,1.42,-185.09,1.87
138.67,-176.21,1.08,-179.2,1.45
138.71,-159.42,0.01,-162.79,0.31
138.76,-170.16,0.84,-173.67,1.1
138.8,-177.16,1.56,-180.59,1.9
138.85,-175.47,0.38,-179.39,0.66
138.89,-173.63,-0.44,-177.95,-0.22
138.94,-177.95,-0.7,-181.99,-0.4
138.98,-181.5,2.18,-185.88,2.46
139.03,-166.66,-0.27,-171.22,-0.01
139.07,-170.78,-0.09,-175.53,0.15
139.12,-172.49,0.81,-177.47,1.0
139.16,-171.4,1.03,-176.74,1.26
139.21,-172.83,0.36,-178.33,0.61
139.25,-178.2,-0.71,-183.91,-0.5
139.3,-178.88,-1.09,-184.79,-0.94
139.35,-192.21,-1.5,-198.1,-1.43
139.39,-179.98,0.53,-186.07,0.57
139.44,-176.98,-1.5,-183.18,-1.46
139.53,-171.55,-0.77,-177.53,-0.78
139.57,-164.08,-1.15,-170.1,-1.24
139.62,-175.83,-1.03,-181.81,-1.08
139.67,-171.89,-0.87,-177.8,-0.86
139.71,-171.5,-0.92,-177.5,-0.92
139.76,-179.9,-0.25,-185.66,-0.24
139.81,-171.81,-0.31,-185.66,-0.26
139.85,-186.38,0.28,-191.8,0.39
139.9,-185.35,-1.2,-190.61,-1.13
139.94,-180.08,-1.4,-185.03,-1.33
139.99,-170.94,-0.76,-175.6,-0.68
140.04,-167.74,-1.13,-171.78,-1.05
140.08,-158.89,0.44,-162.56,0.55
140.13,-172.7,-0.81,-176.25,-0.63
140.17,-177.38,-2.23,-180.78,-2.08
140.22,-173.37,-1.8,-176.4,-1.61
140.27,-177.76,0.24,-180.28,0.47
140.31,-173.28,-1.34,-175.29,-1.11
140.36,-182.35,1.15,-184.28,1.39
140.4,-177.82,0.22,-179.69,0.57
140.45,-177.24,0.58,-178.66,0.89
140.49,-161.02,1.06,-162.14,1.26
140.53,-169.99,1.86,-171.09,2.11
140.58,-178.89,0.72,-179.9,0.98
140.62,-177.14,-0.45,-178.07,-0.29
140.67,-171.75,0.56,-172.92,0.71
140.71,-178.66,0.53,-179.87,0.79
140.76,-174.49,1.41,-175.45,1.68
140.8,-166.5,0.11,-167.73,0.4
140.85,-160.93,0.61,-162.49,0.98
140.89,-172.86,1.3,-174.21,1.63
140.94,-178.77,1.45,-180.45,1.74
140.98,-174.01,1.34,-176.39,1.62
141.02,-178.18,-0.39,-180.84,-0.07
141.07,-186.95,2.57,-189.56,2.85
141.16,-171.08,0.44,-174.62,0.64
141.2,-171.55,0.02,-175.18,0.16
141.25,-174.73,1.78,-178.67,1.86
141.29,-173.92,0.34,-178.16,0.37
141.34,-174.69,1.07,-179.26,1.07
141.38,-191.24,-0.56,-195.86,-0.59
141.43,-179.52,0.32,-184.36,0.27
141.47,-178.34,0.05,-183.33,-0.01
141.52,-172.86,0.37,-177.73,0.35
141.56,-171.33,-0.69,-176.14,-0.72
141.61,-163.4,-0.67,-168.24,-0.71
141.66,-177.11,-1.32,-181.93,-1.34
141.7,-171.11,-1.26,-175.9,-1.34
141.75,-172.62,-0.98,-177.55,-1.12
141.79,-178.83,-0.56,-183.58,-0.74
141.84,-171.6,-0.11,-183.58,-0.35
141.89,-186.02,-0.43,-190.51,-0.65
141.93,-180.53,-1.55,-184.93,-1.82
141.98,-182.13,-1.62,-186.67,-1.84
142.03,-179.53,-1.13,-183.83,-1.39
142.12,-166.82,0.86,-170.3,0.66
142.16,-171.92,-0.37,-174.93,-0.54
142.21,-170.4,-1.81,-173.19,-1.97
142.26,-177.78,-1.61,-180.56,-1.67
142.3,-179.94,-0.84,-182.44,-0.89
142.35,-167.06,0.27,-169.0,0.24
142.39,-181.0,-0.76,-182.79,-0.64
142.44,-181.11,2.52,-182.89,2.61
142.48,-175.18,1.69,-176.52,1.89
142.53,-161.94,-0.17,-163.17,0.1
142.57,-170.28,1.1,-171.6,1.28
142.62,-171.75,1.99,-173.01,2.19
142.66,-171.77,1.14,-172.77,1.36
142.71,-171.21,-0.92,-172.22,-0.76
142.75,-175.47,0.8,-177.01,0.87
142.8,-176.58,0.92,-178.19,0.91
142.84,-170.45,0.34,-171.71,0.33
142.89,-171.08,0.76,-172.82,0.82
142.93,-169.33,1.09,-171.67,1.08
142.98,-168.05,0.88,-170.31,0.98
143.02,-172.21,0.27,-174.67,0.31
143.06,-180.02,-0.44,-182.8,-0.44
143.11,-178.19,0.77,-181.41,0.75
143.16,-187.51,0.85,-190.64,0.82
143.2,-178.49,-0.14,-181.94,-0.15
143.25,-176.7,1.24,-180.63,1.21
143.29,-166.1,-0.1,-170.35,-0.11
143.34,-173.89,1.15,-178.23,1.14
143.38,-171.33,-1.84,-175.92,-1.85
143.43,-170.72,-0.05,-175.66,-0.07
143.47,-177.99,-1.26,-183.15,-1.27
143.52,-172.43,-1.69,-177.83,-1.85
143.57,-183.1,-0.69,-188.69,-0.95
143.61,-180.2,-1.15,-185.74,-1.47
143.66,-184.59,-1.55,-190.3,-1.91
143.71,-182.69,-0.91,-188.5,-1.25
143.75,-178.55,-0.82,-184.15,-1.08
143.8,-168.94,-0.83,-174.46,-1.07
143.85,-168.5,-0.89,-173.62,-1.18
143.89,-163.19,-0.85,-173.62,-1.08
143.99,-172.65,-1.25,-177.55,-1.29
144.03,-172.0,-1.41,-176.6,-1.44
144.08,-180.62,0.08,-184.91,0.1
144.12,-171.89,-0.36,-175.66,-0.32
144.17,-179.85,-0.25,-183.44,-0.27
144.22,-183.24,-1.32,-186.88,-1.25
144.26,-182.0,-2.13,-185.13,-2.02
144.31,-171.18,-0.46,-173.93,-0.24
144.35,-164.08,-0.99,-166.0,-0.81
144.4,-158.03,0.24,-159.64,0.47
144.45,-174.62,1.71,-176.25,2.11
144.49,-178.01,0.3,-179.33,0.69
144.53,-169.07,0.73,-169.91,1.05
144.58,-172.67,0.48,-173.35,0.86
144.62,-183.38,0.72,-184.19,1.19
144.67,-178.89,1.08,-179.46,1.41
144.71,-164.9,0.31,-165.4,0.7
144.76,-166.63,1.35,-167.35,1.84
144.8,-174.02,1.1,-174.59,1.56
144.84,-178.29,0.66,-178.92,1.08
144.89,-171.73,0.53,-172.91,0.85
144.93,-182.5,0.08,-183.67,0.34
144.98,-179.13,0.86,-180.15,1.15
145.02,-179.92,1.5,-181.64,1.72
145.07,-165.85,0.02,-167.94,0.17
145.11,-174.16,1.4,-176.51,1.6
145.16,-175.89,0.42,-178.42,0.64
145.2,-178.68,0.08,-181.84,0.28
145.24,-177.91,0.63,-181.22,0.67
145.29,-183.1,0.78,-186.55,0.85
145.33,-174.5,0.36,-178.14,0.3
145.38,-167.89,0.61,-171.93,0.5
145.42,-167.66,-0.95,-171.78,-1.09
145.47,-167.9,-0.96,-172.14,-1.14
145.51,-168.06,-0.38,-172.47,-0.63
145.56,-172.12,-0.17,-176.67,-0.44
145.61,-177.85,0.19,-182.4,-0.14
145.65,-173.97,-0.19,-178.66,-0.49
145.7,-186.82,0.4,-191.5,0.13
145.74,-182.25,-0.83,-186.74,-1.09
145.79,-179.09,-0.99,-183.82,-1.26
145.84,-171.69,-0.65,-176.34,-0.9
145.88,-168.49,-0.82,-172.88,-1.0
145.93,-162.78,-0.75,-172.88,-0.97
145.98,-175.82,-0.92,-180.06,-1.09
146.07,-175.04,-0.53,-179.32,-0.62
146.11,-180.24,-0.56,-184.3,-0.64
146.16,-170.07,-0.35,-173.67,-0.43
146.21,-182.05,1.21,-185.38,1.23
146.25,-179.29,-2.32,-182.37,-2.32
146.3,-181.79,-1.41,-184.69,-1.3
146.35,-175.82,-1.93,-178.59,-1.79
146.39,-166.08,-1.14,-168.26,-0.97
146.44,-156.31,-0.05,-158.19,0.15
146.48,-173.11,2.54,-175.13,2.79
146.53,-173.27,1.65,-175.09,1.99
146.57,-167.24,1.12,-168.66,1.48
146.62,-172.86,-0.19,-174.38,0.16
146.66,-181.11,1.26,-182.86,1.52
146.71,-183.66,1.76,-185.15,2.14
146.75,-165.36,0.09,-166.64,0.48
146.8,-165.66,0.16,-167.39,0.42
146.84,-172.12,1.32,-173.93,1.63
146.88,-175.63,1.47,-177.25,1.74
146.93,-168.23,-0.96,-170.21,-0.78
146.97,-185.39,-0.11,-187.67,0.12
147.02,-181.6,1.79,-183.93,2.08
147.06,-179.73,0.63,-182.01,0.9
147.11,-166.84,0.31,-169.29,0.49
147.15,-174.24,0.72,-177.14,0.79
147.2,-175.32,2.24,-178.51,2.38
147.24,-171.44,0.6,-174.88,0.74
147.29,-176.08,-0.25,-179.83,-0.19
147.33,-178.21,0.1,-182.3,0.11
147.38,-182.4,1.37,-186.91,1.37
147.42,-179.36,0.24,-184.06,0.12
147.47,-175.0,-0.59,-180.03,-0.73
147.51,-176.02,-1.56,-181.24,-1.71
147.56,-172.76,0.27,-178.2,0.11
147.6,-174.92,-0.21,-180.47,-0.39
147.65,-171.74,-0.14,-177.49,-0.36
147.7,-178.77,-0.3,-184.63,-0.58
147.74,-177.85,0.19,-183.65,-0.11
147.79,-175.63,-0.47,-181.38,-0.8
147.83,-182.11,-0.44,-187.7,-0.76
147.88,-179.24,-0.79,-184.64,-1.14
147.93,-179.14,0.08,-184.58,-0.21
147.97,-176.31,-0.81,-184.58,-1.11
148.02,-166.98,-0.34,-171.91,-0.56
148.07,-166.95,-0.36,-171.99,-0.56
148.11,-171.62,-1.3,-176.81,-1.49
148.16,-171.86,-1.63,-177.26,-1.81
148.2,-180.87,-1.87,-186.25,-2.08
148.25,-175.05,-1.42,-180.1,-1.59
148.3,-171.36,0.15,-176.0,-0.03
148.34,-174.34,0.87,-178.97,0.78
148.39,-179.34,-3.5,-183.87,-3.58
148.43,-172.89,-1.03,-177.41,-1.05
148.48,-172.62,0.69,-176.93,0.77
148.52,-162.03,1.47,-165.81,1.53
148.57,-163.89,1.62,-167.76,1.76
148.61,-175.25,0.44,-179.19,0.71
148.66,-178.39,-1.05,-182.25,-0.83
148.7,-169.44,0.34,-173.3,0.54
148.75,-179.59,0.57,-183.59,0.81
148.79,-179.4,1.08,-183.27,1.49
148.84,-176.15,1.11,-179.91,1.45
148.88,-160.62,0.21,-164.82,0.43
148.93,-169.94,0.88,-174.07,1.17
148.97,-177.67,0.94,-181.68,1.17
149.01,-176.9,-0.08,-181.57,0.1
149.06,-173.5,-0.53,-178.43,-0.41
149.11,-178.0,-0.46,-182.63,-0.24
149.15,-182.11,1.67,-187.04,1.91
149.2,-166.94,-0.89,-172.08,-0.7
149.24,-171.4,-0.08,-176.84,0.15
149.29,-172.29,0.78,-177.94,0.92
149.33,-171.48,0.77,-177.35,0.93
149.38,-173.15,0.73,-179.28,0.9
149.42,-178.08,-0.56,-184.49,-0.43
149.52,-192.37,-0.95,-198.88,-0.96
149.56,-179.73,0.57,-186.39,0.53
149.61,-177.27,-1.11,-184.01,-1.16
149.65,-172.47,0.66,-179.13,0.59
149.7,-171.21,-0.53,-177.75,-0.61
149.74,-163.37,-0.6,-169.9,-0.71
149.79,-177.25,-1.32,-183.71,-1.45
149.84,-171.29,-0.97,-177.66,-1.08
149.88,-172.39,-1.1,-178.86,-1.21
149.93,-179.19,-0.46,-185.39,-0.58
149.98,-171.78,-0.39,-185.39,-0.52
150.02,-186.28,-0.15,-192.16,-0.27
150.07,-181.33,-1.08,-187.07,-1.21
150.11,-181.3,-1.34,-187.07,-1.36
150.16,-177.73,-1.21,-183.19,-1.31
150.25,-164.34,0.78,-168.83,0.71
150.3,-172.61,-0.92,-176.68,-0.94
150.34,-171.42,-1.65,-175.3,-1.66
150.39,-177.98,-1.84,-181.71,-1.75
150.44,-180.54,-0.62,-183.76,-0.51
150.48,-166.96,0.05,-169.62,0.16
150.53,-180.96,-0.48,-183.56,-0.25
150.58,-182.6,1.96,-185.13,2.3
150.62,-175.2,1.92,-177.16,2.28
150.66,-160.4,-0.37,-162.21,0.04
150.71,-170.97,1.13,-172.84,1.6
150.75,-173.15,1.72,-174.9,2.18
150.8,-171.77,1.56,-173.22,2.08
150.84,-170.09,-0.25,-171.59,0.33
150.89,-177.47,0.6,-179.46,1.23
150.93,-178.91,1.4,-180.74,1.92
150.98,-165.92,0.56,-167.47,1.03
151.02,-164.18,0.14,-166.16,0.6
151.07,-174.36,1.73,-176.7,2.12
151.11,-171.22,1.53,-173.37,1.79
151.2,-179.69,-0.45,-182.34,-0.2
151.24,-181.16,1.92,-184.14,2.06
151.29,-187.86,0.99,-190.94,1.02
151.33,-171.91,-0.75,-175.26,-0.75
151.38,-177.76,1.49,-181.26,1.38
151.42,-167.09,0.58,-171.06,0.44
151.47,-175.87,1.08,-179.93,0.86
151.51,-172.25,-0.07,-176.62,-0.34
151.56,-177.97,-0.12,-182.68,-0.36
151.61,-179.56,-0.95,-184.42,-1.11
151.65,-180.85,-0.69,-185.95,-0.88
151.7,-179.31,-1.89,-184.73,-2.11
151.75,-184.04,-1.04,-189.59,-1.29
151.79,-186.32,-1.42,-191.85,-1.58
151.84,-171.05,0.21,-176.64,-0.01
151.88,-177.65,0.02,-182.89,-0.07
151.93,-166.41,-0.95,-171.34,-1.04
151.98,-172.94,-0.56,-177.83,-0.58
152.02,-173.59,-1.09,-177.83,-1.11
152.07,-170.61,-1.2,-175.3,-1.16
152.11,-174.76,-0.08,-179.22,-0.03
152.16,-172.55,-0.45,-176.78,-0.42
152.21,-174.04,-0.16,-178.34,-0.14
152.25,-181.43,-0.85,-185.89,-0.82
152.3,-184.71,-2.05,-189.17,-1.92
152.35,-173.02,0.07,-177.28,0.23
152.39,-169.73,-0.2,-173.59,0.02
152.44,-159.47,-0.18,-162.83,0.09
152.48,-169.13,-1.42,-172.55,-1.15
152.53,-177.42,1.86,-180.79,2.13
152.62,-169.23,0.89,-171.85,1.04
152.66,-177.23,-0.63,-180.04,-0.45
152.71,-179.94,1.9,-182.67,2.13
152.75,-166.76,0.27,-169.02,0.5
152.8,-157.18,0.34,-159.55,0.55
152.84,-172.89,2.21,-175.5,2.43
152.89,-176.79,0.89,-179.18,1.09
152.93,-169.51,0.28,-171.87,0.32
152.98,-174.13,-0.06,-176.84,-0.06
153.02,-182.71,1.66,-185.28,1.6
153.07,-178.45,1.15,-180.87,1.08
153.11,-165.9,-0.27,-168.73,-0.32
153.16,-166.27,0.24,-169.41,0.13
153.2,-173.4,0.7,-176.72,0.51
153.25,-172.24,1.28,-175.9,1.15
153.29,-171.37,-1.61,-175.42,-1.81
153.34,-183.66,0.3,-187.98,0.03
153.38,-180.36,1.5,-184.9,1.23
153.42,-180.14,0.6,-184.99,0.3
153.47,-168.76,0.08,-173.83,-0.18
153.51,-169.93,1.18,-175.3,0.89
153.56,-169.81,-1.72,-175.31,-2.08
153.61,-166.08,-0.31,-171.84,-0.7
153.65,-171.9,-0.57,-177.9,-0.92
153.7,-169.27,-0.69,-175.39,-0.97
153.74,-182.18,0.22,-188.33,-0.04
153.79,-177.15,-1.0,-183.31,-1.26
153.84,-184.26,-1.32,-190.52,-1.53
153.88,-183.09,-0.7,-189.2,-0.92
153.93,-178.48,-0.79,-184.63,-1.0
154.02,-168.05,-0.79,-173.73,-1.02
154.07,-161.4,-0.83,-173.73,-0.98
154.12,-175.89,-1.46,-181.45,-1.55
154.16,-171.16,-1.22,-176.55,-1.22
154.21,-172.0,-1.57,-177.11,-1.55
154.25,-180.81,-0.15,-185.5,-0.13
154.3,-169.2,-0.19,-173.38,-0.16
154.35,-180.57,1.76,-184.53,1.85
154.39,-182.67,-1.6,-186.51,-1.53
154.44,-181.41,-2.21,-184.76,-2.23
154.48,-170.39,-0.21,-173.46,-0.17
154.53,-163.76,-0.78,-166.11,-0.81
154.58,-158.21,0.5,-160.29,0.51
154.62,-174.12,1.8,-176.29,1.85
154.67,-177.85,-0.09,-179.71,-0.07
154.71,-167.59,1.23,-169.08,1.33
154.76,-172.35,0.47,-173.82,0.47
154.8,-183.57,1.11,-185.22,1.12
154.85,-179.65,1.34,-180.96,1.33
154.89,-164.37,0.55,-165.55,0.53
154.93,-166.06,0.95,-167.43,0.93
154.98,-173.76,1.15,-175.04,1.24
155.02,-178.21,0.91,-179.49,1.01
155.07,-170.59,0.17,-172.4,0.25
155.11,-181.99,-0.31,-183.83,-0.24
155.16,-184.64,2.16,-186.32,2.3
155.2,-180.32,1.36,-182.48,1.47
155.25,-163.42,0.04,-165.8,0.18
155.29,-175.89,0.81,-178.5,0.94
155.34,-175.74,1.5,-178.54,1.55
155.38,-175.82,0.26,-179.24,0.3
155.42,-176.1,0.01,-179.88,0.04
155.47,-182.92,-0.31,-186.77,-0.3
155.52,-182.34,1.67,-186.5,1.61
155.56,-166.31,-0.78,-170.77,-0.83
155.61,-174.28,0.15,-178.88,0.03
155.65,-169.74,-0.47,-174.52,-0.57
155.7,-168.18,0.27,-173.2,0.21
155.74,-173.01,0.99,-178.02,0.86
155.79,-177.73,0.34,-182.78,0.19
155.88,-186.28,-0.46,-191.41,-0.66
155.92,-181.33,-0.82,-186.17,-1.02
155.97,-179.07,-1.05,-184.11,-1.26
156.02,-172.66,-0.63,-177.54,-0.83
156.06,-168.5,-0.6,-173.05,-0.76
156.11,-163.64,-0.34,-173.05,-0.52
156.16,-174.53,-0.93,-178.8,-1.09
156.2,-168.66,-1.31,-173.13,-1.44
156.25,-175.69,-0.95,-180.17,-1.06
156.29,-179.43,-0.92,-183.64,-1.06
156.34,-170.17,-0.02,-174.01,-0.1
156.39,-182.14,0.5,-185.75,0.45
156.43,-178.77,-2.31,-182.06,-2.45
156.48,-181.49,-1.65,-184.6,-1.65
156.52,-176.06,-2.27,-179.16,-2.29
156.57,-166.27,-0.94,-168.72,-0.94
156.62,-156.75,-0.19,-158.99,-0.23
156.66,-171.74,1.25,-174.1,1.23
156.71,-170.27,2.02,-172.48,2.06
156.75,-167.69,1.27,-169.66,1.39
156.8,-174.15,-0.82,-176.18,-0.72
156.84,-177.23,0.78,-179.55,0.95
156.89,-185.21,2.11,-187.27,2.35
156.93,-166.11,0.31,-167.89,0.51
156.98,-166.95,0.66,-169.21,0.86
157.02,-169.65,0.92,-172.23,1.17
157.07,-171.94,1.13,-174.25,1.42
157.11,-169.92,-0.4,-172.34,-0.19
157.16,-182.64,0.42,-185.8,0.65
157.2,-179.02,1.35,-182.38,1.58
157.25,-179.4,0.46,-182.5,0.6
157.29,-168.82,0.44,-172.07,0.63
157.33,-172.31,0.91,-175.97,1.03
157.38,-174.57,2.41,-178.33,2.45
157.42,-171.1,0.63,-175.14,0.61
157.47,-167.86,-0.08,-172.32,-0.09
157.51,-157.28,1.18,-162.05,1.17
157.56,-135.16,2.08,-140.29,1.98
157.6,-121.56,0.44,-127.09,0.26
157.65,-108.04,0.36,-113.86,0.16
157.69,-90.63,-2.74,-96.59,-2.96
157.74,-81.02,-1.52,-87.39,-1.78
157.78,-66.04,-1.72,-72.33,-2.05
157.82,-56.78,-2.3,-63.25,-2.65
157.87,-36.44,-0.31,-43.18,-0.71
157.91,-23.45,-1.7,-30.41,-2.09
157.96,-11.32,-1.79,-18.33,-2.18
158.0,-1.69,-1.7,-8.84,-2.06
158.04,1.94,-1.88,-5.35,-2.24
158.08,1.65,-2.01,-5.8,-2.34
158.13,1.73,-2.01,-5.87,-2.27
158.17,1.67,-2.02,-6.0,-2.24
158.21,1.71,-1.97,-6.04,-2.15
158.25,1.59,-2.02,-6.18,-2.17
158.29,1.83,-2.0,-5.98,-2.1
158.33,1.65,-2.11,-6.18,-2.17
158.37,1.69,-1.98,-6.16,-1.99
158.41,1.67,-2.1,-6.15,-2.08
158.45,1.58,-1.81,-6.22,-1.73
158.49,1.59,-2.1,-6.17,-1.94
158.54,1.7,-2.13,-6.03,-1.92
158.58,1.59,-1.73,-6.08,-1.47
158.62,1.68,-2.23,-5.91,-1.92
158.66,1.59,-1.82,-5.93,-1.46
158.7,1.6,-1.76,-5.82,-1.34
158.74,1.87,-1.98,-5.46,-1.51
158.78,1.75,-2.18,-5.49,-1.65
158.82,1.64,-2.03,-5.51,-1.48
158.86,1.78,-1.81,-5.25,-1.25
158.91,1.44,-2.23,-5.44,-1.76
158.95,1.34,-1.62,-5.44,-1.0
158.99,1.56,-2.09,-5.1,-1.39
159.03,1.59,-2.37,-4.96,-1.61
159.07,1.78,-2.06,-4.66,-1.23
159.11,1.76,-1.9,-4.49,-1.01
159.15,1.69,-2.08,-4.41,-1.17
159.19,1.77,-1.87,-4.2,-0.92
159.23,1.7,-1.76,-4.12,-0.78
159.27,1.73,-2.09,-3.98,-1.06
159.32,1.65,-1.85,-3.91,-0.8
159.36,1.77,-1.79,-3.67,-0.7
159.4,1.66,-1.92,-3.62,-0.8
159.44,1.5,-2.18,-3.65,-1.03
159.48,1.64,-2.27,-3.37,-1.05
159.52,1.66,-1.76,-3.21,-0.51
159.56,1.7,-1.95,-3.02,-0.67
159.6,1.6,-2.09,-3.03,-0.77
159.64,1.65,-2.01,-2.83,-0.65
159.69,1.72,-2.07,-2.64,-0.68
159.73,1.58,-2.05,-2.67,-0.63
159.77,1.69,-2.06,-2.46,-0.62
159.81,1.62,-1.99,-2.4,-0.51
159.85,1.67,-1.84,-2.23,-0.33
159.89,1.79,-1.77,-1.99,-0.23
159.93,1.52,-1.98,-2.16,-0.38
159.97,1.6,-1.96,-1.98,-0.36
160.01,1.76,-1.92,-1.7,-0.3
160.05,1.71,-1.95,-1.65,-0.3
160.1,1.56,-1.95,-1.69,-0.27
160.14,1.63,-1.94,-1.54,-0.26
160.18,1.61,-1.85,-1.44,-0.14
160.22,1.63,-2.05,-1.35,-0.34
160.26,1.71,-1.97,-1.2,-0.24
160.3,1.47,-1.89,-1.37,-0.14
160.34,1.39,-1.48,-1.37,0.28
160.38,1.54,-1.87,-1.13,-0.11
160.42,1.79,-2.25,-0.84,-0.49
160.46,1.63,-1.98,-0.94,-0.21
160.5,1.47,-1.89,-1.05,-0.11
160.55,1.72,-1.92,-0.73,-0.16
160.59,1.6,-1.84,-0.79,-0.06
160.63,1.58,-1.9,-0.73,-0.09
160.67,1.53,-1.92,-0.76,-0.1
160.71,1.66,-1.94,-0.56,-0.11
160.75,1.74,-2.01,-0.42,-0.18
160.79,1.9,-1.95,-0.24,-0.11
160.83,1.89,-2.35,-0.18,-0.48
160.87,1.68,-2.11,-0.37,-0.23
160.92,1.29,-1.63,-0.7,0.27
160.96,1.68,-2.24,-0.31,-0.32
161.0,1.8,-1.95,-0.16,-0.03
161.04,0.41,-2.69,-1.5,-0.74
161.08,2.18,-3.34,0.4,-1.32
161.12,3.01,-2.34,0.97,-0.43
161.16,1.27,-1.43,-0.7,0.43
161.2,1.78,-1.08,-0.08,0.83
161.24,1.45,-2.5,-0.35,-0.57
161.28,1.57,-2.52,-0.27,-0.61
161.32,1.68,-1.58,-0.11,0.34
161.36,1.69,-1.79,-0.07,0.15
161.4,1.72,-2.41,-0.03,-0.45
161.44,1.77,-1.8,0.05,0.16
161.48,1.56,-1.69,-0.17,0.31
161.52,1.56,-2.18,-0.14,-0.14
161.56,1.7,-2.04,0.0,-0.01
161.6,1.74,-1.87,0.08,0.18
161.64,1.5,-1.67,-0.13,0.39
161.68,1.64,-1.89,0.03,0.15
161.72,1.77,-2.25,0.15,-0.19
161.76,1.67,-1.89,0.07,0.17
161.8,1.6,-1.97,0.04,0.1
161.84,1.72,-2.18,0.16,-0.12
161.88,1.76,-1.93,0.23,0.12
161.92,1.6,-1.96,0.09,0.11
161.96,1.59,-1.97,0.08,0.12
161.99,1.68,-2.03,0.16,0.04
162.03,1.51,-2.19,0.01,-0.11
162.07,1.66,-1.98,0.15,0.11
162.11,1.56,-2.03,0.06,0.06
162.15,1.66,-2.0,0.13,0.1
162.19,1.64,-2.08,0.1,0.03
162.23,1.66,-1.89,0.12,0.2
162.27,1.69,-1.9,0.15,0.19
162.31,1.66,-1.98,0.12,0.1
162.35,1.58,-1.95,0.05,0.13
162.38,1.66,-1.93,0.12,0.15
162.42,1.61,-1.96,0.06,0.12
162.46,1.69,-1.98,0.14,0.1
162.5,1.69,-2.05,0.14,0.04
162.54,1.57,-1.6,0.01,0.49
162.58,1.69,-2.07,0.15,0.01
162.62,1.36,-2.18,-0.2,-0.09
162.66,1.55,-1.61,-0.01,0.47
162.7,1.62,-2.02,0.06,0.08
162.74,1.53,-2.21,-0.06,-0.12
162.78,1.74,-1.88,0.14,0.23
162.82,1.48,-1.8,-0.12,0.33
162.86,1.66,-2.03,0.05,0.1
162.9,1.69,-2.15,0.03,-0.03
162.94,1.62,-1.69,-0.03,0.42
162.98,1.53,-1.73,-0.1,0.38
163.02,1.72,-1.87,0.06,0.23
163.06,1.62,-2.06,-0.03,0.03
163.1,1.58,-1.92,-0.05,0.17
163.14,1.62,-2.01,0.0,0.08
163.18,1.64,-2.0,-0.0,0.08
163.22,1.81,-2.07,0.16,-0.03
163.26,1.6,-2.14,-0.05,-0.1
163.3,1.69,-2.12,0.05,-0.11
163.34,1.66,-1.98,0.03,0.01
163.37,1.45,-2.21,-0.17,-0.24
163.42,1.8,-1.97,0.18,0.01
163.46,1.61,-1.96,-0.02,0.02
163.5,1.66,-1.89,0.01,0.09
163.53,1.58,-2.22,-0.05,-0.21
163.57,1.63,-2.02,0.01,-0.02
163.61,1.37,-2.09,-0.23,-0.09
163.66,1.57,-2.11,-0.06,-0.12
163.7,1.64,-1.76,0.02,0.24
163.74,1.6,-2.04,-0.02,-0.03
163.78,1.66,-2.1,0.01,-0.09
163.82,1.53,-1.92,-0.12,0.09
163.86,1.55,-2.04,-0.1,-0.02
163.9,1.49,-2.11,-0.15,-0.12
163.94,1.68,-2.08,0.03,-0.09
163.98,1.72,-1.86,0.09,0.14
