Tiempo,AccX,AccY,AccZ,GiroY,KalmanGiroY,Pitch,KalmanPitch
3.21,320.0,-12.0,14984.0,1.89,-0.11,-1.22,-1.16
3.27,260.0,-72.0,14976.0,1.67,-0.34,-0.99,-1.16
3.34,304.0,24.0,14840.0,1.94,-0.06,-1.17,-1.16
3.4,400.0,0.0,15104.0,1.56,-0.43,-1.52,-1.22
3.46,284.0,116.0,15004.0,1.6,-0.43,-1.08,-1.23
3.53,256.0,0.0,15032.0,1.94,-0.07,-0.98,-1.21
3.59,316.0,-24.0,15200.0,1.6,-0.39,-1.19,-1.23
3.65,352.0,80.0,15124.0,1.85,-0.13,-1.33,-1.25
3.71,392.0,-44.0,15004.0,1.84,-0.15,-1.5,-1.28
3.78,248.0,68.0,15052.0,1.9,-0.11,-0.94,-1.25
3.84,324.0,-8.0,14984.0,1.72,-0.27,-1.24,-1.27
3.9,396.0,16.0,15124.0,1.84,-0.14,-1.5,-1.3
3.97,328.0,92.0,14992.0,1.79,-0.21,-1.25,-1.31
4.03,320.0,-64.0,15032.0,1.83,-0.16,-1.22,-1.31
4.16,264.0,-76.0,15120.0,2.01,0.05,-1.0,-1.25
4.22,440.0,-24.0,15104.0,1.85,-0.09,-1.67,-1.3
4.28,364.0,24.0,15116.0,1.96,-0.01,-1.38,-1.31
4.35,336.0,48.0,15136.0,1.73,-0.25,-1.27,-1.32
4.41,204.0,-52.0,15220.0,1.62,-0.36,-0.77,-1.28
4.54,320.0,8.0,15204.0,1.89,-0.04,-1.21,-1.29
4.85,256.0,20.0,15084.0,1.72,-0.16,-0.97,-1.23
4.92,376.0,40.0,15140.0,2.01,0.15,-1.42,-1.24
4.98,324.0,28.0,15056.0,1.94,0.07,-1.23,-1.24
5.1,300.0,-24.0,14944.0,1.66,-0.2,-1.15,-1.23
5.35,332.0,16.0,15100.0,1.81,-0.04,-1.26,-1.21
5.42,468.0,-68.0,15128.0,2.01,0.16,-1.77,-1.26
5.48,372.0,-12.0,15148.0,1.92,0.03,-1.41,-1.27
5.54,428.0,-4.0,15060.0,1.66,-0.25,-1.63,-1.32
5.6,332.0,92.0,15012.0,1.69,-0.24,-1.27,-1.33
5.92,284.0,16.0,14968.0,1.75,-0.21,-1.09,-1.35
5.98,304.0,76.0,15092.0,1.84,-0.09,-1.15,-1.34
6.04,384.0,48.0,15084.0,1.79,-0.13,-1.46,-1.36
6.11,372.0,84.0,15016.0,1.83,-0.09,-1.42,-1.37
6.17,224.0,92.0,15064.0,1.81,-0.12,-0.85,-1.32
6.36,392.0,-52.0,14984.0,1.94,0.09,-1.5,-1.29
6.61,376.0,32.0,15232.0,1.94,0.05,-1.41,-1.3
6.67,260.0,-16.0,14940.0,1.79,-0.1,-1.0,-1.28
6.74,308.0,-56.0,15004.0,1.84,-0.03,-1.18,-1.27
6.86,300.0,-4.0,15068.0,1.98,0.13,-1.14,-1.23
6.92,356.0,52.0,15088.0,2.01,0.17,-1.35,-1.23
7.05,312.0,4.0,14972.0,1.77,-0.07,-1.19,-1.23
7.11,364.0,72.0,15204.0,1.73,-0.11,-1.37,-1.25
7.18,260.0,44.0,14900.0,1.82,-0.03,-1.0,-1.23
7.37,336.0,92.0,15024.0,1.92,0.09,-1.28,-1.23
7.55,420.0,108.0,14952.0,2.12,0.31,-1.61,-1.23
7.74,344.0,-96.0,15112.0,1.82,-0.05,-1.3,-1.28
7.81,396.0,24.0,15140.0,1.97,0.1,-1.5,-1.29
7.87,488.0,32.0,15036.0,2.09,0.2,-1.86,-1.34
8.5,384.0,20.0,15088.0,1.71,-0.21,-1.46,-1.41
8.69,348.0,104.0,15000.0,2.05,0.17,-1.33,-1.34
8.81,400.0,20.0,15084.0,1.86,0.03,-1.52,-1.3
8.87,328.0,-24.0,14948.0,1.89,0.04,-1.26,-1.29
8.94,296.0,28.0,15064.0,1.61,-0.24,-1.13,-1.29
9.0,340.0,-16.0,15024.0,1.88,0.05,-1.3,-1.28
9.44,260.0,64.0,15088.0,1.94,0.18,-0.99,-1.14
9.56,376.0,40.0,15184.0,2.05,0.3,-1.42,-1.16
9.62,308.0,-32.0,15164.0,2.03,0.25,-1.16,-1.15
9.69,344.0,48.0,14988.0,1.93,0.15,-1.31,-1.16
9.75,380.0,-52.0,14944.0,1.89,0.09,-1.46,-1.18
9.81,332.0,-8.0,14896.0,1.83,0.02,-1.28,-1.19
9.87,352.0,-32.0,15104.0,1.9,0.08,-1.34,-1.2
9.94,348.0,4.0,15140.0,1.73,-0.1,-1.32,-1.22
10.0,208.0,-24.0,15160.0,1.84,-0.0,-0.79,-1.18
10.06,168.0,0.0,15032.0,1.85,0.04,-0.64,-1.12
10.19,440.0,32.0,14976.0,1.89,0.1,-1.68,-1.21
10.77,256.0,40.0,15020.0,1.82,0.01,-0.98,-1.18
10.83,308.0,128.0,15012.0,1.94,0.14,-1.18,-1.17
10.89,304.0,36.0,15032.0,1.79,-0.02,-1.16,-1.17
10.96,400.0,28.0,14920.0,1.99,0.19,-1.54,-1.2
11.08,244.0,0.0,14952.0,1.84,-0.01,-0.93,-1.19
11.15,412.0,24.0,15004.0,1.95,0.13,-1.57,-1.22
11.21,328.0,36.0,15044.0,1.85,-0.01,-1.25,-1.22
11.27,208.0,116.0,14976.0,1.9,0.04,-0.8,-1.18
11.72,324.0,32.0,15052.0,1.98,0.12,-1.23,-1.23
11.78,448.0,-24.0,15092.0,1.98,0.11,-1.7,-1.27
12.42,404.0,-76.0,14996.0,1.86,0.05,-1.54,-1.22
12.49,396.0,40.0,15020.0,1.84,0.0,-1.51,-1.25
12.55,356.0,-48.0,15160.0,1.72,-0.14,-1.35,-1.27
12.61,468.0,56.0,15008.0,1.94,0.07,-1.79,-1.32
12.81,440.0,136.0,15020.0,1.81,-0.03,-1.68,-1.27
12.94,364.0,36.0,15108.0,1.72,-0.14,-1.38,-1.29
13.0,436.0,-28.0,14996.0,1.77,-0.1,-1.67,-1.33
13.07,424.0,-64.0,15004.0,1.45,-0.45,-1.62,-1.39
13.39,336.0,64.0,15084.0,1.85,-0.05,-1.28,-1.39
13.51,268.0,-28.0,15056.0,1.88,-0.01,-1.02,-1.34
13.58,344.0,-88.0,14984.0,1.8,-0.06,-1.32,-1.34
13.64,344.0,112.0,15104.0,1.94,0.08,-1.3,-1.33
13.71,256.0,-36.0,15032.0,1.95,0.09,-0.98,-1.29
14.02,376.0,-52.0,15068.0,1.63,-0.17,-1.43,-1.27
14.28,308.0,16.0,15044.0,1.85,0.05,-1.17,-1.22
14.92,356.0,52.0,15072.0,1.95,0.15,-1.35,-1.23
14.98,292.0,44.0,15168.0,1.89,0.08,-1.1,-1.21
15.04,372.0,24.0,15128.0,1.85,0.05,-1.41,-1.23
15.1,320.0,12.0,14992.0,1.7,-0.11,-1.22,-1.24
15.94,412.0,84.0,15088.0,1.86,0.08,-1.56,-1.39
16.0,300.0,20.0,15204.0,1.77,-0.02,-1.13,-1.36
16.07,348.0,20.0,15108.0,1.76,-0.01,-1.32,-1.36
16.13,336.0,-24.0,14892.0,1.69,-0.08,-1.29,-1.35
16.2,456.0,80.0,14964.0,1.73,-0.03,-1.75,-1.4
16.26,328.0,-32.0,15168.0,1.76,-0.04,-1.24,-1.38
16.39,368.0,-32.0,15172.0,1.86,0.07,-1.39,-1.39
16.46,456.0,-8.0,15164.0,1.73,-0.06,-1.72,-1.43
16.52,500.0,-176.0,14816.0,1.86,0.05,-1.93,-1.48
16.58,160.0,-52.0,15460.0,1.7,-0.15,-0.59,-1.39
16.78,348.0,-308.0,15076.0,1.85,0.07,-1.32,-1.38
17.11,356.0,-8252.0,12888.0,0.08,-1.75,-1.58,-1.78
17.18,388.0,-11076.0,10988.0,-1.17,-2.97,-2.02,-1.98
17.25,432.0,-13188.0,8424.0,-0.08,-1.89,-2.94,-2.2
17.39,464.0,-15688.0,2452.0,-1.11,-3.2,-10.72,-3.71
17.75,528.0,-10840.0,-13832.0,0.09,-46.12,-177.81,-85.84
17.97,368.0,452.0,-17768.0,0.02,-67.43,-178.81,-124.7
18.04,372.0,3148.0,-17228.0,0.07,-72.29,-178.76,-135.45
18.12,372.0,7188.0,-16276.0,0.05,-76.23,-178.69,-145.3
18.55,448.0,16008.0,1184.0,0.92,-81.47,-20.73,-166.57
18.9,620.0,5188.0,14332.0,0.49,-21.92,-2.48,-102.42
18.97,296.0,1836.0,14896.0,0.34,-13.17,-1.14,-91.83
19.04,484.0,-1568.0,14892.0,0.29,-5.16,-1.86,-82.06
19.11,592.0,-4732.0,14604.0,0.13,1.78,-2.32,-73.04
19.18,324.0,-7232.0,13300.0,0.31,8.2,-1.4,-64.58
19.25,716.0,-10528.0,11276.0,0.0,13.45,-3.63,-57.03
19.45,-1840.0,-16116.0,2148.0,-1.69,23.96,40.58,-32.75
19.52,624.0,-17124.0,-1364.0,0.35,32.45,-155.42,-44.31
19.6,1032.0,-15972.0,-4824.0,1.63,23.93,-167.92,-56.57
19.67,736.0,-14484.0,-7888.0,0.3,12.74,-174.67,-68.97
19.81,632.0,-11052.0,-13692.0,0.41,-5.11,-177.36,-92.12
19.96,236.0,-4572.0,-16828.0,-0.53,-20.51,-179.2,-112.73
20.03,412.0,292.0,-17900.0,-0.1,-26.08,-178.68,-121.98
20.11,620.0,3504.0,-17316.0,0.16,-30.95,-177.95,-130.36
20.18,120.0,6848.0,-16224.0,0.05,-35.38,-179.58,-138.26
20.33,612.0,12100.0,-12624.0,0.42,-41.71,-177.22,-151.63
20.55,192.0,16360.0,-1484.0,0.47,-46.55,-172.63,-166.12
20.62,480.0,16252.0,1432.0,0.65,-46.96,-18.53,-152.19
20.69,344.0,14892.0,4964.0,0.86,-34.6,-3.96,-137.39
20.83,432.0,10936.0,10756.0,0.73,-11.65,-2.3,-110.23
21.03,412.0,1992.0,15072.0,0.41,13.93,-1.57,-76.43
21.24,284.0,-7828.0,13180.0,0.0,30.76,-1.23,-49.98
21.31,412.0,-10488.0,11380.0,0.1,35.14,-2.07,-42.54
21.37,668.0,-13164.0,8288.0,0.04,38.63,-4.61,-35.95
21.44,520.0,-15012.0,5644.0,0.02,41.36,-5.26,-30.04
21.51,572.0,-15748.0,2588.0,-0.53,42.99,-12.46,-25.48
21.8,584.0,-13136.0,-11096.0,0.01,13.06,-176.99,-74.79
21.87,408.0,-10780.0,-13664.0,0.33,4.28,-178.29,-86.14
21.94,464.0,-8368.0,-15616.0,0.71,-3.58,-178.3,-96.74
22.09,528.0,-904.0,-17688.0,-0.21,-18.26,-178.29,-116.02
22.23,404.0,6400.0,-16332.0,0.4,-28.16,-178.58,-132.65
22.31,296.0,9576.0,-14648.0,0.34,-32.37,-178.84,-140.0
22.38,344.0,11984.0,-12208.0,0.54,-35.69,-178.39,-146.68
22.45,316.0,14436.0,-8808.0,0.19,-38.91,-177.95,-152.8
22.53,376.0,15964.0,-5484.0,0.77,-40.61,-176.08,-158.08
22.6,336.0,16564.0,-1760.0,1.05,-41.96,-169.19,-162.06
22.81,384.0,13568.0,7828.0,0.67,-18.86,-2.81,-119.23
22.88,600.0,11096.0,10492.0,0.71,-8.36,-3.27,-106.61
22.95,184.0,8528.0,12488.0,0.4,0.58,-0.84,-94.63
23.22,492.0,-4752.0,14360.0,0.76,28.49,-1.96,-55.55
23.42,612.0,-12776.0,9092.0,-0.03,39.68,-3.85,-33.97
23.49,544.0,-14612.0,6096.0,-0.07,42.28,-5.1,-28.16
23.56,588.0,-16044.0,2892.0,-0.34,44.03,-11.49,-23.6
23.63,588.0,-16284.0,-1140.0,-1.05,44.39,-152.72,-35.14
23.71,716.0,-15912.0,-4952.0,0.53,35.6,-171.77,-48.08
23.85,436.0,-13272.0,-10944.0,-0.01,13.82,-177.72,-73.1
24.0,648.0,-8328.0,-15908.0,0.6,-3.24,-177.67,-95.25
24.07,508.0,-4580.0,-16952.0,0.34,-10.9,-178.28,-105.32
24.14,432.0,-1512.0,-17412.0,0.15,-17.64,-178.58,-114.79
24.21,348.0,2580.0,-17552.0,0.25,-23.29,-178.86,-123.61
24.73,356.0,16084.0,1388.0,1.05,-42.6,-14.39,-146.91
24.8,444.0,15076.0,4756.0,0.63,-30.98,-5.33,-132.66
24.87,380.0,13624.0,7892.0,0.49,-19.62,-2.76,-119.08
24.93,448.0,11152.0,10488.0,0.59,-9.05,-2.45,-106.41
25.0,148.0,8668.0,12304.0,0.4,0.09,-0.69,-94.46
25.14,148.0,2180.0,14928.0,0.34,15.74,-0.57,-73.26
25.2,400.0,-1084.0,15136.0,0.1,21.9,-1.51,-63.98
25.27,560.0,-4484.0,14288.0,0.57,27.86,-2.24,-55.44
25.34,532.0,-7792.0,13140.0,0.7,32.65,-2.32,-47.58
25.41,360.0,-10604.0,11228.0,0.2,36.12,-1.84,-40.33
25.55,500.0,-14748.0,5828.0,0.31,42.3,-4.9,-27.97
25.69,500.0,-16340.0,-1248.0,-1.12,43.9,-158.17,-35.72
25.76,796.0,-16020.0,-4804.0,0.91,35.15,-170.59,-48.48
25.83,776.0,-14784.0,-7728.0,0.02,23.44,-174.27,-61.04
25.9,704.0,-13200.0,-11044.0,0.43,13.78,-176.35,-73.09
26.27,576.0,2460.0,-17444.0,0.23,-23.69,-178.11,-123.62
26.56,528.0,14520.0,-8912.0,0.18,-39.34,-176.61,-151.95
26.63,320.0,15964.0,-5384.0,0.93,-40.83,-176.6,-157.4
26.7,72.0,16320.0,-1724.0,1.07,-42.43,-177.61,-162.45
26.78,320.0,16032.0,1432.0,0.8,-44.07,-12.6,-148.1
26.85,568.0,15052.0,4884.0,0.9,-31.7,-6.63,-133.94
26.92,176.0,13444.0,7968.0,0.51,-20.59,-1.27,-120.12
26.99,248.0,11088.0,10556.0,0.76,-9.66,-1.35,-107.26
27.06,388.0,8584.0,12612.0,0.58,-0.35,-1.76,-95.37
27.12,572.0,4876.0,14476.0,0.43,7.85,-2.26,-84.45
27.33,312.0,-4732.0,14500.0,0.21,26.86,-1.23,-56.32
27.39,556.0,-7684.0,13384.0,0.57,32.05,-2.38,-48.4
27.46,744.0,-10536.0,11180.0,0.3,35.81,-3.81,-41.29
27.53,564.0,-13256.0,8476.0,-0.02,38.77,-3.81,-34.75
27.6,640.0,-14968.0,5712.0,0.27,41.79,-6.39,-29.03
27.67,588.0,-15824.0,2424.0,-0.57,42.93,-13.64,-24.71
28.39,468.0,6444.0,-16260.0,0.52,-28.3,-178.35,-132.12
28.47,452.0,9716.0,-14436.0,0.41,-32.58,-178.21,-139.48
28.54,300.0,12240.0,-12272.0,0.51,-35.99,-178.6,-146.26
28.61,456.0,14412.0,-8924.0,-0.08,-39.51,-177.07,-152.37
29.04,396.0,10736.0,10820.0,0.66,-7.98,-2.1,-105.43
29.11,360.0,7696.0,12872.0,0.38,1.01,-1.6,-93.62
29.18,492.0,5068.0,14444.0,0.28,9.14,-1.95,-82.79
29.24,276.0,1748.0,14820.0,0.34,16.37,-1.07,-72.72
29.31,468.0,-1816.0,14980.0,0.28,22.62,-1.79,-63.48
29.59,392.0,-13292.0,8584.0,0.39,40.1,-2.61,-33.27
29.66,676.0,-15036.0,5352.0,0.24,42.65,-7.2,-27.79
29.72,560.0,-15956.0,2012.0,-0.23,43.99,-15.55,-23.76
29.79,600.0,-16536.0,-1476.0,0.57,45.51,-157.88,-35.77
30.01,760.0,-12984.0,-11552.0,0.18,13.29,-176.24,-73.45
30.08,496.0,-10840.0,-13908.0,0.39,4.35,-177.96,-84.91
30.52,452.0,10248.0,-14444.0,0.24,-32.9,-178.21,-139.46
30.59,260.0,12844.0,-11780.0,-0.05,-36.71,-178.74,-146.34
30.67,132.0,14436.0,-8664.0,0.4,-39.18,-179.13,-152.7
30.74,516.0,15736.0,-5712.0,0.73,-41.26,-174.84,-157.9
30.96,536.0,15104.0,5344.0,1.2,-30.33,-5.73,-132.83
31.16,396.0,7820.0,13048.0,0.29,0.31,-1.74,-94.36
31.23,576.0,4864.0,14392.0,0.44,8.75,-2.29,-83.51
31.3,448.0,1512.0,14996.0,0.12,15.63,-1.71,-73.47
31.36,384.0,-1844.0,15052.0,0.23,22.06,-1.46,-64.15
31.57,644.0,-11832.0,10284.0,0.07,36.15,-3.58,-40.56
31.64,472.0,-13248.0,8188.0,0.43,39.74,-3.3,-33.98
31.71,444.0,-15264.0,5240.0,0.22,42.23,-4.84,-28.19
31.78,500.0,-16212.0,1644.0,0.17,44.23,-16.92,-24.26
32.21,668.0,-6728.0,-16436.0,0.36,-4.46,-177.67,-96.67
32.35,236.0,-608.0,-17396.0,0.16,-18.37,-179.22,-116.08
32.43,492.0,3492.0,-17424.0,0.31,-23.91,-178.38,-124.7
32.5,584.0,6896.0,-16372.0,0.34,-28.72,-177.96,-132.6
32.57,356.0,10524.0,-14028.0,0.4,-32.75,-178.55,-139.95
32.64,416.0,13044.0,-11396.0,0.14,-36.51,-177.91,-146.67
33.28,156.0,4348.0,14536.0,0.24,9.39,-0.61,-82.04
33.35,332.0,1248.0,15100.0,0.01,16.37,-1.26,-72.08
33.41,376.0,-2524.0,14560.0,0.04,22.63,-1.48,-62.9
33.48,400.0,-5860.0,14112.0,0.36,28.34,-1.62,-54.39
33.55,400.0,-8984.0,12564.0,-0.44,32.16,-1.82,-46.62
33.62,528.0,-11348.0,10436.0,1.1,37.63,-2.9,-39.46
34.19,480.0,-9748.0,-14672.0,0.32,2.9,-178.13,-86.84
34.26,456.0,-6684.0,-16408.0,0.24,-5.36,-178.41,-97.49
34.33,628.0,-3332.0,-17200.0,0.45,-12.4,-177.91,-107.35
34.7,472.0,13272.0,-10852.0,0.17,-36.91,-177.51,-147.13
34.84,444.0,16076.0,-4292.0,0.24,-41.86,-174.09,-158.48
35.2,348.0,9760.0,11804.0,0.83,-6.33,-1.69,-103.28
35.27,336.0,6660.0,13604.0,0.63,2.54,-1.41,-91.66
35.33,328.0,4160.0,14648.0,0.29,10.24,-1.28,-80.95
35.4,352.0,216.0,15188.0,0.4,17.39,-1.33,-71.05
35.67,396.0,-11400.0,10280.0,-0.03,36.8,-2.21,-38.74
35.74,324.0,-13784.0,7312.0,-0.06,39.97,-2.54,-32.23
35.81,612.0,-15400.0,4144.0,-0.09,42.55,-8.4,-26.96
35.88,536.0,-16356.0,812.0,-0.03,44.24,-33.43,-24.95
36.38,568.0,-2464.0,-17492.0,0.1,-13.28,-178.14,-107.98
36.97,436.0,15992.0,-48.0,0.42,-43.52,-96.28,-154.58
37.04,152.0,15556.0,3440.0,0.46,-38.19,-2.53,-139.57
37.11,504.0,14076.0,6780.0,0.73,-25.53,-4.25,-125.76
37.18,384.0,12372.0,9464.0,0.87,-14.46,-2.32,-112.67
37.25,272.0,9524.0,12084.0,0.53,-4.92,-1.29,-100.39
37.31,468.0,6456.0,13732.0,0.57,3.98,-1.95,-89.07
37.38,260.0,3192.0,14964.0,0.26,11.41,-1.0,-78.56
37.45,520.0,500.0,15160.0,0.01,18.01,-1.96,-68.96
37.51,436.0,-3144.0,14628.0,0.48,24.38,-1.71,-60.08
37.58,576.0,-6712.0,13636.0,0.85,29.86,-2.42,-51.89
37.72,608.0,-12444.0,9520.0,-0.14,36.95,-3.65,-37.53
37.86,428.0,-15612.0,3792.0,-0.1,42.36,-6.44,-25.99
37.93,504.0,-16332.0,500.0,-0.06,44.12,-45.23,-25.4
38.0,188.0,-16728.0,-2920.0,0.11,42.55,-176.32,-39.49
38.07,516.0,-15304.0,-6332.0,-0.11,30.27,-175.34,-52.67
38.21,496.0,-11728.0,-12876.0,0.32,9.91,-177.79,-77.3
38.58,440.0,5096.0,-16828.0,0.66,-25.44,-178.5,-126.68
38.65,604.0,7832.0,-15716.0,0.73,-30.04,-177.8,-134.44
39.16,344.0,14020.0,6948.0,0.63,-22.57,-2.83,-121.22
39.36,424.0,6636.0,13792.0,0.5,5.97,-1.76,-85.53
39.43,144.0,3072.0,14608.0,-0.03,12.87,-0.56,-75.29
39.5,412.0,-176.0,15000.0,0.39,19.88,-1.57,-65.87
39.56,480.0,-3776.0,14692.0,0.5,25.66,-1.87,-57.24
39.63,108.0,-6872.0,13716.0,0.31,30.32,-0.45,-49.11
39.7,464.0,-9752.0,11832.0,-0.07,34.21,-2.25,-41.85
39.77,540.0,-12664.0,9260.0,0.64,38.39,-3.34,-35.22
40.41,500.0,-5528.0,-16980.0,0.61,-8.89,-178.31,-101.37
40.48,672.0,-2056.0,-17732.0,0.15,-16.24,-177.83,-111.05
40.55,244.0,1120.0,-17740.0,0.33,-22.06,-179.21,-120.21
41.61,168.0,-3768.0,14852.0,-0.07,24.78,-0.65,-58.39
41.75,384.0,-10348.0,11516.0,0.31,34.5,-1.91,-42.77
41.82,340.0,-12508.0,9428.0,0.66,38.44,-2.07,-35.88
41.89,320.0,-14592.0,6420.0,0.15,40.9,-2.85,-29.73
41.96,552.0,-15728.0,3224.0,0.12,43.24,-9.72,-24.89
42.24,504.0,-13848.0,-10492.0,0.2,19.27,-177.25,-65.43
42.31,684.0,-11164.0,-13412.0,-0.04,9.09,-177.08,-77.37
42.39,336.0,-7564.0,-15620.0,-0.37,-0.15,-178.77,-88.8
42.46,320.0,-4948.0,-16868.0,0.08,-7.76,-178.91,-99.48
42.53,440.0,-1308.0,-17844.0,0.25,-14.73,-178.59,-109.37
42.61,552.0,2592.0,-17708.0,0.22,-20.99,-178.21,-118.56
42.68,416.0,5836.0,-16780.0,0.62,-25.97,-178.58,-127.06
42.97,544.0,15124.0,-6984.0,0.84,-40.3,-175.55,-154.42
43.04,344.0,15904.0,-3088.0,1.11,-41.94,-173.64,-159.32
43.12,448.0,16256.0,1152.0,1.04,-43.32,-21.25,-146.28
43.26,332.0,13416.0,7820.0,0.8,-20.59,-2.43,-118.51
43.46,272.0,5392.0,13988.0,0.39,7.18,-1.11,-83.12
43.53,288.0,1948.0,14840.0,0.44,14.53,-1.11,-73.1
43.6,484.0,-1264.0,14972.0,0.13,20.57,-1.85,-63.94
43.67,336.0,-4680.0,14472.0,0.09,26.0,-1.33,-55.4
43.74,552.0,-7792.0,13264.0,0.11,30.77,-2.38,-47.66
43.94,536.0,-14992.0,5608.0,0.14,40.75,-5.46,-28.46
44.01,712.0,-15896.0,2468.0,-0.11,42.52,-16.09,-24.51
44.08,612.0,-16648.0,-1284.0,0.05,43.43,-154.52,-36.2
44.15,544.0,-16520.0,-4384.0,0.99,33.95,-172.93,-49.26
44.23,432.0,-14908.0,-8084.0,-0.09,21.92,-176.94,-62.12
44.3,444.0,-13236.0,-11168.0,0.13,11.95,-177.72,-74.31
44.66,684.0,3072.0,-17444.0,0.48,-24.58,-177.75,-124.59
44.73,272.0,6728.0,-16352.0,0.57,-29.28,-179.05,-132.67
44.81,444.0,9976.0,-14364.0,0.12,-33.92,-178.23,-140.05
44.88,520.0,12040.0,-11988.0,0.31,-37.19,-177.52,-146.72
45.38,288.0,10632.0,10948.0,0.35,-9.61,-1.51,-106.9
45.59,296.0,1360.0,14848.0,0.24,15.48,-1.14,-73.77
45.65,376.0,-1808.0,15084.0,0.38,22.03,-1.43,-64.4
45.72,448.0,-5392.0,14024.0,0.31,27.49,-1.83,-55.78
45.86,552.0,-11904.0,10080.0,-0.05,35.92,-3.13,-40.68
45.93,424.0,-13608.0,7900.0,0.21,39.48,-3.07,-34.03
46.0,544.0,-15068.0,4916.0,0.03,42.03,-6.31,-28.4
46.07,700.0,-16292.0,1600.0,0.28,44.22,-23.63,-25.18
46.14,624.0,-16432.0,-1860.0,-0.17,43.91,-161.45,-37.57
46.21,364.0,-15416.0,-5984.0,-1.97,31.2,-176.52,-51.03
46.43,540.0,-9820.0,-14492.0,0.0,2.87,-177.87,-87.0
46.94,408.0,13052.0,-11092.0,0.1,-36.7,-177.89,-147.31
47.01,312.0,15068.0,-7600.0,0.17,-39.41,-177.65,-153.37
47.08,380.0,16184.0,-4352.0,-0.06,-41.85,-175.01,-158.54
47.16,368.0,16344.0,-304.0,0.46,-42.82,-129.56,-158.01
47.23,472.0,15856.0,3108.0,0.74,-39.95,-8.64,-143.42
47.37,396.0,12656.0,9112.0,0.54,-16.63,-2.49,-115.84
47.44,528.0,10084.0,11448.0,0.74,-6.24,-2.64,-103.4
47.51,416.0,6848.0,13372.0,0.75,2.79,-1.78,-91.75
47.57,400.0,4076.0,14612.0,0.38,10.45,-1.57,-81.03
47.71,536.0,-3064.0,14976.0,0.47,23.71,-2.05,-62.06
47.84,512.0,-9420.0,12176.0,0.39,33.45,-2.41,-45.92
47.91,328.0,-11208.0,10652.0,-0.03,36.84,-1.76,-38.81
47.98,568.0,-14084.0,7472.0,0.1,40.22,-4.35,-32.47
48.05,524.0,-15520.0,4324.0,-0.26,42.33,-6.91,-27.07
48.12,656.0,-16308.0,996.0,0.08,44.43,-33.37,-25.02
48.19,676.0,-16404.0,-2612.0,-0.18,43.45,-165.49,-37.91
48.26,468.0,-15884.0,-6196.0,0.84,33.25,-175.68,-51.08
48.33,564.0,-14372.0,-9412.0,-0.08,21.31,-176.57,-63.72
48.69,608.0,1320.0,-17776.0,0.42,-19.0,-178.04,-116.85
48.99,504.0,13408.0,-10776.0,0.58,-36.64,-177.32,-147.26
49.21,224.0,16200.0,-336.0,0.25,-43.21,-146.31,-159.64
49.28,224.0,15608.0,3464.0,0.24,-42.01,-3.7,-144.45
49.35,636.0,14084.0,6808.0,1.16,-28.33,-5.34,-130.34
49.42,380.0,12428.0,9380.0,0.89,-17.33,-2.32,-116.87
49.49,436.0,9604.0,12000.0,0.7,-7.23,-2.08,-104.33
49.82,388.0,-6740.0,13384.0,0.32,28.28,-1.66,-54.38
49.89,460.0,-9332.0,12016.0,0.08,32.65,-2.19,-46.63
49.96,528.0,-12476.0,9604.0,-0.31,36.14,-3.15,-39.64
50.03,516.0,-13928.0,6996.0,-0.14,39.51,-4.22,-33.29
50.45,484.0,-11840.0,-12904.0,0.39,10.28,-177.85,-78.36
50.53,532.0,-8984.0,-15076.0,0.72,1.72,-177.98,-89.47
50.6,536.0,-5628.0,-16876.0,0.33,-6.61,-178.18,-99.87
50.67,428.0,-2088.0,-17780.0,0.46,-13.49,-178.62,-109.61
50.74,504.0,896.0,-17676.0,0.4,-19.74,-178.37,-118.69
50.81,396.0,5188.0,-16736.0,0.37,-25.15,-178.64,-127.09
51.11,264.0,15776.0,-6012.0,1.9,-38.11,-177.49,-154.28
51.18,328.0,16356.0,-3088.0,0.17,-41.95,-173.94,-159.24
51.25,304.0,16208.0,284.0,0.61,-42.84,-46.95,-149.13
51.46,408.0,11592.0,10100.0,0.84,-10.84,-2.31,-108.15
51.67,424.0,3072.0,14816.0,0.02,13.65,-1.64,-75.12
51.73,504.0,-636.0,14740.0,0.73,20.85,-1.96,-65.73
51.8,396.0,-3720.0,14804.0,0.06,25.79,-1.53,-57.08
51.87,400.0,-6776.0,13764.0,-0.19,30.4,-1.66,-49.1
51.94,528.0,-10152.0,11608.0,0.18,34.93,-2.6,-41.8
52.01,516.0,-12384.0,9444.0,0.62,38.81,-3.13,-35.12
52.15,496.0,-15688.0,3132.0,-0.16,43.08,-9.0,-24.28
52.22,416.0,-16676.0,476.0,-0.23,44.36,-41.15,-23.41
52.28,512.0,-16132.0,-3804.0,-0.75,42.28,-172.33,-37.28
52.36,560.0,-15504.0,-7432.0,0.38,31.53,-175.69,-50.64
52.57,600.0,-7848.0,-15688.0,-0.49,0.38,-177.81,-87.13
52.72,652.0,-932.0,-17656.0,0.18,-14.29,-177.89,-107.77
52.79,352.0,2664.0,-17528.0,0.33,-20.43,-178.85,-117.14
52.86,392.0,5688.0,-16640.0,-0.1,-26.41,-178.65,-125.82
52.94,328.0,9076.0,-15180.0,0.52,-30.56,-178.76,-133.84
53.16,428.0,15416.0,-6592.0,-0.85,-41.91,-176.29,-153.51
53.37,588.0,15204.0,4584.0,0.71,-32.56,-7.31,-131.92
53.44,108.0,13660.0,7668.0,0.66,-21.32,-0.81,-118.3
53.51,368.0,11612.0,10436.0,0.53,-10.88,-2.02,-105.78
53.85,448.0,-4644.0,14336.0,0.6,25.92,-1.79,-55.63
53.99,324.0,-10524.0,11344.0,0.32,34.46,-1.64,-40.53
54.13,480.0,-14760.0,5820.0,0.11,40.39,-4.71,-28.33
54.2,380.0,-15852.0,2460.0,-0.5,41.85,-8.78,-23.62
54.27,808.0,-16432.0,-1336.0,-0.59,43.07,-148.83,-34.83
54.41,776.0,-14960.0,-7924.0,0.03,22.61,-174.41,-60.63
54.85,660.0,2884.0,-17500.0,0.28,-24.55,-177.84,-123.68
54.99,216.0,9800.0,-14476.0,0.05,-33.92,-179.15,-139.42
55.06,404.0,11884.0,-12272.0,0.41,-37.15,-178.11,-146.22
55.14,356.0,14368.0,-8936.0,0.13,-40.32,-177.72,-152.46
55.21,252.0,16240.0,-5168.0,0.02,-42.72,-177.21,-158.05
55.43,428.0,15004.0,5228.0,0.79,-31.07,-4.68,-132.28
55.5,224.0,12924.0,8532.0,0.76,-19.57,-1.5,-118.61
55.57,368.0,10756.0,10960.0,0.61,-9.19,-1.92,-105.95
55.63,384.0,7632.0,13000.0,0.58,0.11,-1.69,-94.17
55.83,552.0,-1772.0,14996.0,0.42,21.78,-2.11,-64.07
56.11,492.0,-13240.0,8136.0,0.69,39.45,-3.46,-34.09
56.18,492.0,-15140.0,5200.0,-0.03,41.42,-5.4,-28.4
56.25,752.0,-16268.0,1748.0,0.26,43.73,-23.28,-25.13
56.32,656.0,-16380.0,-1404.0,0.3,43.93,-154.96,-36.8
56.46,512.0,-14732.0,-8660.0,-0.02,22.27,-176.62,-62.72
56.54,524.0,-12792.0,-11948.0,0.36,12.52,-177.49,-74.79
56.9,472.0,3524.0,-17428.0,0.45,-24.08,-178.45,-124.87
56.97,492.0,7168.0,-16228.0,-0.12,-29.5,-178.26,-132.86
57.05,356.0,10836.0,-13744.0,-0.36,-33.85,-178.52,-140.29
57.48,616.0,14612.0,6028.0,0.88,-29.19,-5.83,-131.1
57.55,484.0,12560.0,8936.0,0.66,-18.09,-3.1,-117.65
57.69,532.0,7184.0,13360.0,0.55,1.25,-2.28,-93.41
57.76,356.0,4000.0,14468.0,0.11,8.95,-1.41,-82.57
57.82,12.0,600.0,14900.0,-0.14,15.89,-0.05,-72.44
57.96,376.0,-5948.0,13948.0,0.37,28.18,-1.54,-54.7
58.23,772.0,-15476.0,4724.0,0.26,42.41,-9.28,-28.2
58.3,680.0,-16276.0,1192.0,0.12,43.93,-29.7,-25.69
58.37,540.0,-16660.0,-2368.0,-0.02,43.44,-167.15,-38.63
58.44,508.0,-15948.0,-6344.0,0.63,32.81,-175.42,-51.7
58.59,488.0,-12656.0,-11968.0,0.12,11.37,-177.67,-76.25
58.73,264.0,-6464.0,-16416.0,0.19,-5.69,-179.08,-98.17
58.8,420.0,-2956.0,-17328.0,0.38,-12.73,-178.61,-108.03
58.88,516.0,1092.0,-17736.0,0.03,-19.4,-178.33,-117.25
58.95,456.0,4696.0,-17240.0,0.02,-24.91,-178.48,-125.8
59.02,368.0,7780.0,-15844.0,0.85,-28.82,-178.67,-133.66
59.24,476.0,15108.0,-7724.0,-1.02,-40.97,-176.47,-153.57
59.32,412.0,16328.0,-4064.0,0.4,-41.63,-174.21,-158.66
59.39,300.0,16456.0,-344.0,0.14,-43.31,-138.91,-159.18
59.46,220.0,15696.0,3284.0,0.25,-41.35,-3.83,-144.0
59.74,312.0,6556.0,13600.0,0.68,2.4,-1.31,-92.22
59.8,436.0,3396.0,14708.0,0.41,10.23,-1.7,-81.49
60.14,420.0,-12104.0,9880.0,-0.31,36.55,-2.43,-39.1
60.21,572.0,-14188.0,7064.0,-0.26,39.8,-4.63,-32.83
60.28,540.0,-15532.0,3956.0,-0.28,42.25,-7.77,-27.45
60.49,600.0,-15476.0,-6372.0,0.23,32.24,-174.62,-51.74
60.78,448.0,-5880.0,-16724.0,0.16,-5.88,-178.47,-98.27
61.58,292.0,14024.0,6780.0,0.5,-22.78,-2.47,-121.6
61.65,92.0,12048.0,9700.0,1.07,-11.5,-0.54,-108.58
61.72,380.0,9436.0,11912.0,0.37,-2.51,-1.83,-96.69
61.78,420.0,6592.0,13604.0,0.48,6.06,-1.77,-85.68
61.92,416.0,404.0,15248.0,-0.11,19.45,-1.56,-66.1
62.12,432.0,-9724.0,12020.0,0.08,34.33,-2.06,-42.13
62.19,544.0,-12496.0,9196.0,0.28,38.03,-3.39,-35.55
62.26,496.0,-14176.0,6832.0,-0.1,40.46,-4.15,-29.62
62.33,716.0,-15564.0,3464.0,-0.06,42.73,-11.68,-25.0
62.4,444.0,-16316.0,-228.0,0.5,44.46,-117.18,-32.41
62.76,548.0,-9248.0,-14920.0,-0.34,-3.14,-177.9,-93.05
62.83,520.0,-5736.0,-16712.0,0.2,-10.21,-178.22,-103.33
62.9,352.0,-1328.0,-17628.0,0.24,-16.9,-178.86,-113.0
63.63,120.0,13664.0,7512.0,0.37,-20.62,-0.92,-119.3
64.25,856.0,-12776.0,8960.0,0.02,38.8,-5.46,-34.38
64.45,412.0,-16212.0,-1068.0,-1.16,43.42,-158.91,-36.18
64.53,656.0,-15736.0,-5188.0,0.47,34.25,-172.79,-49.17
64.6,656.0,-14876.0,-7948.0,0.1,22.95,-175.28,-61.79
64.67,548.0,-13268.0,-11044.0,0.3,13.06,-177.16,-73.87
65.03,548.0,2172.0,-17592.0,0.2,-23.98,-178.22,-124.09
65.32,176.0,14520.0,-8928.0,-0.24,-39.87,-178.87,-152.56
65.4,464.0,15636.0,-5264.0,0.54,-41.47,-174.96,-157.84
65.47,216.0,16352.0,-1340.0,0.47,-43.1,-170.84,-162.11
65.75,180.0,10912.0,10948.0,0.98,-8.99,-0.94,-106.86
65.82,596.0,7856.0,12988.0,0.24,-0.23,-2.63,-95.09
65.89,512.0,4660.0,14308.0,0.77,8.57,-2.05,-84.12
65.96,432.0,1964.0,14892.0,0.42,15.51,-1.66,-74.0
66.02,552.0,-1628.0,14960.0,0.2,21.67,-2.11,-64.71
66.09,504.0,-4884.0,14204.0,0.43,27.4,-2.03,-56.09
66.16,228.0,-8096.0,12968.0,0.6,32.32,-1.01,-48.02
66.23,636.0,-10752.0,11144.0,-0.97,34.87,-3.27,-40.95
66.3,412.0,-13452.0,8448.0,0.53,39.67,-2.79,-34.23
66.37,660.0,-14992.0,5340.0,0.18,42.09,-7.05,-28.66
66.72,620.0,-13100.0,-11252.0,0.22,13.54,-176.85,-73.54
67.01,448.0,188.0,-17960.0,0.49,-17.61,-178.57,-115.26
67.52,340.0,16472.0,-1796.0,0.18,-43.07,-169.28,-161.68
67.6,240.0,16252.0,1964.0,0.47,-43.46,-6.97,-146.74
67.67,660.0,15024.0,5596.0,0.99,-30.25,-6.73,-132.63
67.81,284.0,10656.0,11084.0,0.5,-8.97,-1.47,-106.33
68.21,588.0,-8332.0,12932.0,-0.29,31.7,-2.6,-47.9
68.28,416.0,-12024.0,9948.0,-0.12,35.84,-2.39,-40.65
68.35,428.0,-13756.0,8104.0,0.47,39.78,-3.02,-34.03
68.7,204.0,-15112.0,-8752.0,0.2,22.58,-178.66,-63.37
68.78,372.0,-12432.0,-12136.0,0.36,12.48,-178.24,-75.46
68.92,436.0,-6724.0,-16232.0,0.27,-4.94,-178.46,-97.45
69.14,324.0,3852.0,-17228.0,0.41,-23.96,-178.92,-125.2
69.21,560.0,7216.0,-16464.0,0.24,-28.99,-178.05,-133.09
69.28,376.0,10772.0,-13784.0,-0.15,-33.43,-178.44,-140.41
69.58,356.0,16340.0,-380.0,0.2,-43.09,-136.87,-158.78
69.93,540.0,6776.0,13356.0,0.74,2.07,-2.32,-92.85
70.13,480.0,-2984.0,14848.0,0.28,23.01,-1.85,-63.0
70.2,436.0,-6100.0,13888.0,0.44,28.52,-1.8,-54.5
70.26,140.0,-9316.0,12008.0,-0.05,32.63,-0.67,-46.57
70.33,392.0,-11280.0,10616.0,0.18,36.88,-2.11,-39.38
70.47,412.0,-15696.0,4352.0,0.12,42.56,-5.41,-27.43
70.75,340.0,-14400.0,-9452.0,0.05,21.62,-177.94,-63.99
70.82,780.0,-12344.0,-12200.0,0.03,11.5,-176.34,-75.81
70.9,504.0,-9844.0,-14476.0,0.44,2.97,-178.01,-87.08
71.11,472.0,1308.0,-17864.0,0.21,-18.93,-178.49,-116.8
71.19,360.0,4520.0,-17144.0,0.11,-24.57,-178.8,-125.41
71.41,280.0,13324.0,-10800.0,-0.05,-36.92,-178.51,-147.11
71.48,400.0,14836.0,-7920.0,-0.26,-39.98,-177.11,-153.2
71.55,448.0,16076.0,-3948.0,0.37,-41.52,-173.53,-158.24
71.98,188.0,6728.0,13496.0,0.36,3.05,-0.8,-90.35
72.04,452.0,3176.0,14796.0,0.21,10.88,-1.75,-79.79
72.24,396.0,-6736.0,13552.0,0.44,29.22,-1.67,-52.69
72.31,320.0,-9488.0,12096.0,0.09,33.34,-1.52,-45.0
72.38,708.0,-12420.0,9608.0,-0.27,36.78,-4.21,-38.26
72.52,380.0,-15648.0,3848.0,-0.01,42.44,-5.64,-26.56
72.59,564.0,-16340.0,284.0,-0.18,44.1,-63.27,-27.89
72.95,584.0,-8924.0,-15188.0,0.4,0.71,-177.8,-89.79
73.02,372.0,-5712.0,-17060.0,0.42,-7.16,-178.75,-100.25
73.09,456.0,-2200.0,-17740.0,0.44,-14.16,-178.53,-110.0
73.16,848.0,556.0,-17852.0,0.54,-20.22,-177.28,-118.95
73.24,516.0,5084.0,-16784.0,0.63,-25.39,-178.24,-127.29
73.31,272.0,8740.0,-15280.0,0.47,-30.15,-178.98,-135.11
73.38,560.0,10872.0,-13476.0,-0.1,-34.67,-177.62,-142.18
73.53,432.0,15880.0,-5944.0,1.62,-38.77,-175.84,-154.41
73.68,476.0,16344.0,308.0,0.5,-43.32,-57.09,-150.61
73.82,500.0,13848.0,7192.0,0.85,-22.5,-3.98,-122.32
74.02,452.0,5788.0,13772.0,0.65,6.14,-1.88,-86.3
74.09,380.0,3116.0,14652.0,0.21,13.2,-1.49,-76.05
74.16,260.0,-788.0,15040.0,0.43,20.01,-0.99,-66.5
74.22,296.0,-3740.0,14828.0,0.14,25.48,-1.14,-57.73
74.36,372.0,-10188.0,11424.0,0.23,34.71,-1.87,-42.31
74.93,732.0,-11020.0,-13224.0,0.04,8.97,-176.83,-77.56
75.0,572.0,-7536.0,-15664.0,-0.17,-0.1,-177.91,-88.84
75.07,516.0,-5068.0,-16936.0,0.18,-7.72,-178.25,-99.42
75.58,448.0,15112.0,-7120.0,0.05,-41.0,-176.4,-154.37
75.65,208.0,15776.0,-3212.0,1.53,-41.53,-176.29,-159.56
75.94,364.0,11200.0,10416.0,0.47,-10.69,-2.0,-106.24
76.01,392.0,8640.0,12468.0,0.34,-1.47,-1.8,-94.51
76.07,412.0,5384.0,14032.0,0.22,6.71,-1.68,-83.66
76.28,304.0,-4856.0,14456.0,0.36,25.94,-1.2,-55.93
76.48,432.0,-13252.0,8300.0,0.46,38.34,-2.98,-34.25
76.69,576.0,-16532.0,-1404.0,0.38,44.03,-157.69,-36.32
76.76,580.0,-16236.0,-4668.0,0.49,33.45,-172.92,-49.39
76.83,412.0,-15000.0,-8140.0,0.09,22.12,-177.1,-62.24
76.98,724.0,-10536.0,-14040.0,0.34,2.98,-177.05,-85.74
77.05,532.0,-7424.0,-15768.0,-0.02,-5.55,-178.07,-96.49
77.56,196.0,14372.0,-8656.0,0.43,-39.69,-178.7,-152.89
77.63,368.0,15688.0,-5280.0,0.38,-42.08,-176.01,-158.25
77.71,400.0,16400.0,-1996.0,0.25,-43.82,-168.67,-162.27
77.78,308.0,16156.0,1956.0,0.41,-44.24,-8.95,-147.56
77.99,480.0,10624.0,10968.0,0.4,-9.44,-2.51,-106.72
78.12,496.0,4604.0,14240.0,0.32,8.21,-1.99,-83.88
78.19,516.0,1544.0,14952.0,0.19,15.35,-1.98,-73.85
78.26,692.0,-2304.0,14968.0,-0.04,21.46,-2.65,-64.65
78.33,436.0,-5892.0,14132.0,0.42,27.36,-1.77,-55.98
78.53,656.0,-13776.0,7600.0,0.02,39.14,-4.93,-34.37
78.6,492.0,-15492.0,4584.0,0.62,42.33,-6.13,-28.67
78.67,608.0,-16276.0,1172.0,0.08,43.77,-27.42,-25.87
78.74,536.0,-16728.0,-2432.0,-0.14,43.42,-167.57,-38.87
78.89,608.0,-14432.0,-9292.0,-0.03,21.46,-176.26,-64.23
78.96,268.0,-12588.0,-12056.0,0.23,11.77,-178.73,-76.31
79.17,496.0,-2868.0,-17444.0,-0.04,-12.9,-178.37,-107.99
79.25,464.0,1336.0,-17856.0,0.48,-18.69,-178.51,-117.22
79.32,472.0,4496.0,-17288.0,0.17,-24.53,-178.44,-125.76
79.39,612.0,8348.0,-15464.0,0.44,-29.02,-177.73,-133.55
79.47,336.0,11056.0,-13288.0,1.02,-32.43,-178.55,-140.77
79.83,312.0,15464.0,3456.0,0.53,-40.01,-5.16,-142.81
79.9,168.0,14248.0,6656.0,0.89,-27.16,-1.45,-128.35
79.97,304.0,12100.0,9484.0,0.86,-15.73,-1.84,-114.94
80.04,240.0,9436.0,11936.0,0.34,-6.09,-1.15,-102.43
80.24,328.0,412.0,15088.0,-0.08,17.49,-1.25,-70.38
80.31,504.0,-3712.0,14668.0,0.6,24.26,-1.97,-61.33
80.38,296.0,-7004.0,13580.0,0.87,29.74,-1.25,-52.87
80.45,292.0,-9556.0,11616.0,-0.05,33.35,-1.44,-45.15
80.65,348.0,-15908.0,3456.0,0.16,42.8,-5.75,-26.56
80.79,656.0,-16348.0,-3200.0,-0.2,37.25,-168.41,-46.01
80.87,772.0,-15372.0,-7236.0,-0.02,26.66,-173.91,-58.52
80.94,348.0,-13932.0,-10296.0,0.38,16.85,-178.06,-70.8
81.01,416.0,-11392.0,-13180.0,0.05,6.97,-178.19,-82.41
81.23,500.0,-1336.0,-17744.0,0.31,-15.6,-178.39,-112.92
81.3,640.0,2508.0,-17636.0,0.34,-21.45,-177.92,-121.71
81.59,424.0,13872.0,-10028.0,1.47,-36.61,-177.58,-150.55
81.67,772.0,15588.0,-6492.0,-1.31,-41.84,-173.22,-155.88
81.74,356.0,16032.0,-3356.0,0.35,-41.76,-173.94,-160.69
82.43,572.0,-7864.0,12844.0,0.12,31.98,-2.55,-47.99
82.5,544.0,-10592.0,11292.0,0.53,36.37,-2.76,-40.78
82.64,448.0,-14692.0,5764.0,0.15,42.04,-4.44,-28.31
82.7,688.0,-16324.0,2708.0,-0.16,43.83,-14.26,-24.09
82.77,716.0,-16512.0,-1364.0,-0.94,43.91,-152.3,-35.54
82.99,440.0,-13180.0,-11172.0,0.36,13.47,-177.74,-73.78
83.28,508.0,-72.0,-17704.0,0.2,-18.12,-178.36,-115.43
83.43,364.0,6552.0,-16544.0,0.35,-28.53,-178.74,-132.12
83.5,372.0,9732.0,-14604.0,0.01,-33.09,-178.54,-139.53
83.57,584.0,12112.0,-12236.0,0.54,-36.08,-177.27,-146.16
83.72,396.0,15832.0,-5352.0,-0.16,-41.88,-175.77,-157.75
83.79,100.0,16476.0,-1716.0,-0.59,-43.94,-176.66,-162.79
83.94,328.0,14856.0,5520.0,0.86,-31.68,-3.4,-134.15
84.01,316.0,12924.0,8560.0,0.67,-20.01,-2.11,-120.32
84.08,88.0,10588.0,10896.0,0.5,-9.53,-0.46,-107.29
84.14,344.0,7740.0,13116.0,0.11,-0.32,-1.5,-95.35
84.21,416.0,5072.0,14404.0,0.51,8.47,-1.65,-84.32
84.35,296.0,-1804.0,15028.0,-0.32,21.3,-1.13,-64.86
84.42,492.0,-5632.0,13944.0,0.63,27.85,-2.02,-56.16
84.48,380.0,-8196.0,12804.0,-0.3,31.69,-1.7,-48.19
84.9,596.0,-15468.0,-6500.0,-1.42,31.88,-174.76,-50.98
84.98,672.0,-14560.0,-9168.0,0.15,22.49,-175.81,-63.5
85.05,496.0,-12616.0,-12200.0,0.34,12.69,-177.67,-75.51
85.12,564.0,-9568.0,-14708.0,0.32,3.55,-177.8,-86.8
85.19,464.0,-6644.0,-16348.0,0.32,-4.6,-178.37,-97.39
85.48,496.0,6840.0,-16048.0,0.31,-28.72,-178.23,-133.09
85.85,480.0,16308.0,-592.0,-0.1,-43.14,-140.96,-159.04
85.92,332.0,15692.0,3172.0,0.47,-40.94,-5.98,-144.13
85.99,440.0,14436.0,6040.0,0.79,-28.07,-4.17,-129.89
86.06,180.0,12380.0,9104.0,0.26,-17.25,-1.13,-116.32
86.13,516.0,9568.0,11852.0,0.99,-6.16,-2.49,-103.81
86.2,440.0,6720.0,13604.0,0.66,2.58,-1.85,-92.16
86.33,372.0,36.0,15292.0,0.45,17.51,-1.39,-71.42
86.4,468.0,-2972.0,14964.0,0.47,23.7,-1.79,-62.35
86.46,572.0,-6228.0,13580.0,0.27,28.79,-2.41,-53.97
86.53,532.0,-9456.0,12208.0,0.37,33.4,-2.5,-46.26
86.6,600.0,-11716.0,10128.0,-0.11,36.75,-3.39,-39.29
86.81,736.0,-16292.0,688.0,0.02,44.54,-46.93,-26.6
86.88,532.0,-16204.0,-2852.0,0.14,42.87,-169.43,-39.77
86.95,572.0,-15740.0,-6200.0,0.34,31.69,-174.73,-52.73
87.02,460.0,-14168.0,-9756.0,-0.04,20.54,-177.3,-65.29
87.17,312.0,-9288.0,-15176.0,0.09,1.81,-178.82,-88.44
87.38,496.0,880.0,-17708.0,0.05,-19.73,-178.4,-117.95
87.45,604.0,4408.0,-17176.0,0.52,-24.7,-177.99,-126.32
87.53,376.0,8572.0,-15644.0,0.51,-29.36,-178.62,-134.14
87.67,288.0,13684.0,-10380.0,0.25,-36.99,-178.41,-148.06
88.17,400.0,9448.0,12052.0,0.31,-3.89,-1.9,-98.95
88.31,536.0,2964.0,14744.0,0.6,12.71,-2.08,-77.42
88.37,300.0,364.0,15060.0,0.04,18.8,-1.14,-67.82
88.44,184.0,-3540.0,14600.0,0.18,24.8,-0.72,-58.94
88.58,464.0,-9600.0,11968.0,0.02,34.02,-2.22,-43.36
88.71,740.0,-14180.0,6896.0,0.08,40.56,-6.12,-30.84
88.85,592.0,-16304.0,-40.0,0.02,44.2,-93.87,-30.51
88.92,560.0,-16344.0,-2936.0,0.09,38.73,-169.2,-43.44
88.99,588.0,-15240.0,-6740.0,-0.07,27.54,-175.01,-56.26
89.5,504.0,5484.0,-16720.0,0.24,-26.76,-178.27,-128.6
89.65,336.0,10976.0,-13464.0,0.46,-34.86,-178.57,-143.36
90.14,276.0,11736.0,10200.0,0.59,-4.88,-1.55,-119.71
90.21,440.0,9144.0,12192.0,0.6,5.7,-2.07,-106.09
90.28,484.0,6300.0,13660.0,0.53,14.91,-2.03,-93.53
90.35,404.0,3236.0,14820.0,0.23,22.73,-1.56,-81.91
90.42,620.0,-584.0,14896.0,0.69,30.29,-2.38,-71.26
90.55,492.0,-6792.0,13696.0,-0.21,40.66,-2.06,-52.37
90.62,460.0,-10332.0,11552.0,0.24,45.52,-2.28,-44.01
90.69,560.0,-12504.0,9516.0,0.54,49.49,-3.37,-36.45
90.9,460.0,-16632.0,208.0,-0.69,54.52,-65.67,-25.62
91.04,660.0,-15316.0,-7416.0,0.31,40.05,-174.91,-51.56
91.26,668.0,-7436.0,-15796.0,-0.17,9.43,-177.58,-86.19
91.33,316.0,-5056.0,-17008.0,-0.08,1.33,-178.94,-96.57
91.4,448.0,-1360.0,-17896.0,0.31,-5.67,-178.57,-106.19
91.84,440.0,15380.0,-6940.0,0.69,-33.23,-176.37,-150.49
92.2,332.0,11240.0,10448.0,0.53,-4.47,-1.82,-101.48
92.27,340.0,8588.0,12428.0,0.36,4.29,-1.57,-89.92
92.33,336.0,5516.0,14044.0,0.41,12.24,-1.37,-79.27
92.4,388.0,1988.0,15068.0,0.44,19.18,-1.48,-69.43
92.47,568.0,-1160.0,15004.0,0.44,25.17,-2.17,-60.45
92.81,676.0,-15032.0,5492.0,0.15,43.77,-7.02,-25.67
92.95,532.0,-16600.0,-1484.0,0.39,46.54,-160.28,-33.81
93.02,504.0,-16220.0,-4748.0,0.76,35.78,-173.94,-47.12
93.09,484.0,-15092.0,-8392.0,-0.25,23.54,-176.7,-60.08
93.17,432.0,-13060.0,-11308.0,0.14,13.58,-177.81,-72.41
93.24,852.0,-10752.0,-13888.0,0.58,4.62,-176.49,-83.82
93.31,420.0,-7512.0,-15900.0,0.07,-4.19,-178.49,-94.76
93.38,348.0,-3888.0,-17348.0,0.32,-11.44,-178.85,-104.98
93.46,380.0,400.0,-17668.0,0.15,-18.25,-178.77,-114.53
93.53,588.0,3344.0,-17596.0,-0.28,-24.46,-178.09,-123.3
93.6,284.0,7320.0,-16300.0,0.42,-28.7,-179.0,-131.51
93.75,96.0,12196.0,-11732.0,0.32,-36.63,-179.53,-145.93
93.82,296.0,14356.0,-8844.0,0.3,-39.7,-178.08,-152.16
93.89,432.0,15888.0,-5332.0,0.51,-41.83,-175.37,-157.51
94.04,320.0,16224.0,1884.0,0.54,-44.16,-9.64,-147.18
94.11,392.0,14904.0,5464.0,0.66,-31.58,-4.1,-132.82
94.18,488.0,12808.0,8508.0,0.97,-19.66,-3.28,-119.32
94.25,484.0,10692.0,11116.0,0.6,-9.61,-2.49,-106.69
94.32,192.0,7732.0,13208.0,0.06,-0.82,-0.83,-94.8
94.45,444.0,1324.0,14796.0,0.17,15.01,-1.72,-73.79
94.52,560.0,-2200.0,14856.0,-0.11,21.08,-2.16,-64.57
94.59,512.0,-5696.0,13952.0,0.4,27.07,-2.1,-55.97
94.65,476.0,-8876.0,12620.0,-0.42,30.99,-2.16,-48.12
94.72,640.0,-11520.0,10248.0,1.11,36.55,-3.57,-40.93
94.93,624.0,-16252.0,1100.0,0.08,43.19,-29.57,-26.5
95.0,444.0,-16600.0,-2332.0,-0.15,42.69,-169.22,-39.7
95.36,328.0,-6440.0,-16592.0,0.14,-6.17,-178.87,-98.91
95.43,300.0,-3116.0,-17300.0,0.03,-13.43,-179.01,-108.79
95.51,424.0,1328.0,-17840.0,0.27,-19.49,-178.64,-117.97
95.58,312.0,4504.0,-17136.0,0.02,-25.2,-178.96,-126.52
96.02,244.0,16204.0,-156.0,0.06,-43.3,-122.59,-157.47
96.23,808.0,12156.0,9456.0,1.15,-15.4,-4.88,-115.37
96.3,232.0,9320.0,12068.0,0.35,-6.27,-1.1,-102.82
96.37,332.0,6648.0,13736.0,0.46,2.94,-1.38,-91.21
96.64,392.0,-7044.0,13592.0,0.89,29.65,-1.65,-53.26
96.71,432.0,-9676.0,11708.0,0.07,33.35,-2.11,-45.58
96.77,604.0,-12392.0,9008.0,0.46,37.54,-3.84,-38.69
96.84,708.0,-14340.0,6780.0,0.4,40.54,-5.96,-32.61
96.98,596.0,-16524.0,-164.0,0.44,44.2,-105.39,-33.68
97.27,420.0,-11520.0,-13252.0,-0.05,6.8,-178.18,-82.83
97.34,584.0,-8720.0,-15244.0,-0.73,-2.41,-177.81,-93.69
97.63,356.0,5732.0,-16656.0,0.25,-26.66,-178.78,-130.28
97.71,564.0,8572.0,-15176.0,0.18,-31.12,-177.87,-137.71
97.78,484.0,12156.0,-12168.0,0.63,-34.3,-177.72,-144.49
97.92,216.0,15420.0,-6676.0,-1.24,-41.58,-178.15,-156.42
98.14,368.0,15164.0,4624.0,1.07,-30.93,-4.55,-133.38
98.21,392.0,13424.0,7776.0,0.73,-19.6,-2.89,-119.73
98.28,280.0,11448.0,10516.0,0.43,-9.38,-1.53,-106.89
98.35,208.0,8416.0,12532.0,0.55,0.19,-0.95,-94.9
98.42,424.0,5904.0,13948.0,0.52,8.56,-1.74,-83.94
98.62,572.0,-4568.0,14184.0,0.5,27.72,-2.31,-55.93
98.9,552.0,-14980.0,5652.0,0.04,42.0,-5.58,-28.49
98.96,536.0,-16056.0,2276.0,-0.44,43.54,-13.25,-24.15
99.03,632.0,-16648.0,-1328.0,0.36,45.3,-154.55,-35.78
99.11,516.0,-16216.0,-4668.0,0.53,34.99,-173.69,-48.9
99.32,700.0,-10952.0,-13968.0,0.8,4.76,-177.13,-85.11
99.47,296.0,-4308.0,-17292.0,0.27,-11.38,-179.02,-105.96
99.54,448.0,220.0,-17716.0,0.24,-17.96,-178.55,-115.37
99.61,532.0,3568.0,-17356.0,-0.04,-23.93,-178.24,-124.02
99.69,416.0,7020.0,-16176.0,0.34,-28.45,-178.53,-132.08
99.9,336.0,14376.0,-8932.0,0.45,-32.4,-177.85,-177.85
100.05,444.0,16352.0,-1692.0,-0.12,-36.31,-165.3,-180.77
100.12,192.0,16192.0,2000.0,0.57,-34.21,-5.48,-162.94
100.19,340.0,14884.0,5648.0,0.75,-19.72,-3.44,-145.94
100.75,516.0,-9380.0,12032.0,0.12,48.24,-2.46,-47.39
101.03,360.0,-16428.0,684.0,-0.02,59.55,-27.76,-21.72
101.39,132.0,-9760.0,-14784.0,-0.32,15.55,-179.49,-82.13
101.47,568.0,-5892.0,-16808.0,0.13,7.2,-178.06,-92.62
101.54,440.0,-1956.0,-17856.0,0.36,-0.31,-178.59,-102.45
102.13,404.0,16032.0,1516.0,0.77,-34.11,-14.92,-138.92
102.42,248.0,7928.0,12996.0,0.31,6.67,-1.09,-87.17
102.55,548.0,1712.0,14856.0,0.45,21.25,-2.11,-66.92
102.62,748.0,-1952.0,15212.0,0.56,27.13,-2.82,-58.08
102.69,588.0,-5312.0,14060.0,0.18,31.64,-2.39,-49.89
102.76,500.0,-8236.0,12960.0,-0.04,35.63,-2.21,-42.36
102.97,576.0,-15388.0,4584.0,0.04,44.45,-7.16,-23.96
103.04,552.0,-16160.0,1456.0,0.3,46.2,-20.76,-20.75
103.11,584.0,-16528.0,-2108.0,-0.32,45.58,-164.52,-33.98
103.84,388.0,11864.0,-12816.0,-0.6,-34.7,-178.27,-139.89
104.14,460.0,16356.0,244.0,0.47,-43.57,-62.06,-149.7
104.21,480.0,15204.0,4180.0,0.61,-35.41,-6.55,-135.4
104.5,64.0,5788.0,13844.0,0.37,5.1,-0.26,-85.5
104.56,516.0,2476.0,14840.0,0.28,12.65,-1.99,-75.35
104.63,380.0,-876.0,15284.0,0.51,19.4,-1.42,-65.87
104.84,460.0,-10496.0,11404.0,0.24,33.91,-2.31,-41.89
104.91,508.0,-13060.0,8532.0,-0.46,36.69,-3.41,-35.3
105.63,504.0,-176.0,-17824.0,0.37,-19.33,-178.38,-116.91
105.71,480.0,4380.0,-17108.0,0.28,-25.01,-178.39,-125.6
105.78,260.0,6872.0,-16540.0,0.4,-29.69,-179.1,-133.69
106.0,360.0,15152.0,-7356.0,-0.95,-41.4,-177.2,-154.02
106.15,588.0,16288.0,-252.0,0.19,-43.66,-113.2,-156.55
106.23,320.0,15480.0,3376.0,0.53,-39.35,-5.41,-141.58
106.3,276.0,14116.0,6708.0,0.69,-26.72,-2.36,-127.2
106.37,228.0,12000.0,9704.0,0.96,-15.09,-1.35,-113.7
106.44,396.0,9516.0,12072.0,0.63,-5.25,-1.88,-101.23
106.78,332.0,-7060.0,13456.0,-0.29,28.84,-1.41,-51.77
107.06,520.0,-16156.0,2648.0,-0.52,42.57,-11.11,-25.57
107.14,424.0,-16496.0,-1496.0,-0.13,44.24,-164.18,-38.33
107.21,580.0,-16024.0,-4680.0,0.75,33.91,-172.94,-51.31
107.36,672.0,-13028.0,-11624.0,0.37,12.51,-176.69,-76.04
107.43,652.0,-10804.0,-13812.0,-0.05,3.04,-177.3,-87.37
107.5,456.0,-6992.0,-16280.0,-0.24,-5.27,-178.4,-98.1
107.58,352.0,-3116.0,-17424.0,-0.03,-12.34,-178.84,-108.15
107.65,356.0,-204.0,-17708.0,0.26,-18.47,-178.85,-117.52
108.46,360.0,9688.0,11860.0,0.35,-3.96,-1.74,-100.11
108.53,668.0,6328.0,13708.0,0.53,5.1,-2.79,-88.7
108.6,352.0,3080.0,14748.0,0.31,12.61,-1.37,-78.07
108.67,476.0,-688.0,14976.0,0.5,19.65,-1.82,-68.28
108.73,148.0,-3860.0,14572.0,-0.07,24.98,-0.58,-59.17
108.8,256.0,-7012.0,13272.0,-0.36,29.88,-1.11,-50.79
108.87,432.0,-10352.0,11524.0,0.46,35.1,-2.15,-43.13
108.95,528.0,-13060.0,9316.0,0.01,38.28,-3.24,-36.26
109.01,536.0,-14624.0,6020.0,0.12,41.32,-5.09,-30.22
109.08,492.0,-15876.0,2892.0,-0.31,43.12,-9.65,-25.26
109.3,664.0,-14908.0,-7900.0,0.06,22.82,-175.2,-63.49
109.52,532.0,-7524.0,-15792.0,-0.07,-4.61,-178.07,-97.48
109.59,428.0,-3708.0,-17324.0,0.12,-11.7,-178.58,-107.5
109.67,564.0,84.0,-18004.0,0.43,-17.83,-178.21,-116.79
109.74,248.0,3920.0,-17548.0,0.3,-23.55,-179.19,-125.42
110.54,400.0,6916.0,13432.0,0.47,2.78,-1.71,-92.0
110.81,468.0,-6724.0,13536.0,0.28,29.33,-1.98,-53.35
110.95,620.0,-12592.0,9148.0,0.32,37.75,-3.88,-38.54
111.02,688.0,-14088.0,6776.0,0.04,40.53,-5.8,-32.39
111.09,532.0,-15840.0,3524.0,0.28,43.12,-8.58,-27.08
111.16,760.0,-16504.0,-136.0,0.47,44.94,-100.15,-32.44
111.45,460.0,-11392.0,-13144.0,0.11,7.63,-178.0,-82.04
111.75,520.0,2480.0,-17644.0,0.05,-21.45,-178.31,-121.79
111.82,320.0,6300.0,-16476.0,0.31,-26.33,-178.89,-130.06
111.9,396.0,9560.0,-14756.0,0.53,-30.56,-178.46,-137.62
112.04,284.0,14288.0,-9012.0,-0.37,-38.28,-178.2,-151.01
112.48,460.0,10628.0,11072.0,0.5,-7.89,-2.38,-105.24
112.89,672.0,-9264.0,12076.0,0.15,32.94,-3.19,-46.58
112.96,540.0,-11408.0,10552.0,0.28,36.91,-2.93,-39.42
113.03,564.0,-14124.0,7284.0,-0.14,39.71,-4.43,-33.02
113.1,480.0,-15376.0,4220.0,-0.09,42.29,-6.49,-27.41
113.17,420.0,-16512.0,676.0,-0.08,44.15,-31.85,-25.14
113.39,532.0,-13724.0,-9876.0,-0.22,20.66,-176.92,-64.78
113.47,520.0,-11540.0,-12888.0,-0.15,10.67,-177.69,-76.9
113.54,724.0,-9552.0,-14920.0,0.46,2.19,-177.22,-88.2
113.69,552.0,-1872.0,-17512.0,0.24,-13.29,-178.19,-108.77
113.83,612.0,5544.0,-16752.0,0.33,-24.98,-177.91,-126.55
113.98,416.0,11856.0,-12436.0,0.66,-33.35,-178.08,-141.68
114.06,484.0,14040.0,-9568.0,1.7,-35.62,-177.1,-148.13
114.13,468.0,15252.0,-7004.0,-0.55,-40.53,-176.18,-154.02
114.42,376.0,13340.0,7952.0,0.69,-18.86,-2.71,-116.67
114.84,436.0,-5352.0,14080.0,0.16,27.07,-1.77,-54.02
114.91,484.0,-8192.0,12920.0,-0.08,31.45,-2.15,-46.28
114.98,380.0,-11904.0,9996.0,0.11,35.54,-2.18,-39.12
115.05,368.0,-13456.0,8060.0,0.29,38.99,-2.61,-32.64
115.19,628.0,-16020.0,1520.0,0.31,43.58,-22.45,-23.83
115.33,688.0,-15948.0,-6572.0,-0.15,31.72,-174.02,-50.44
115.55,388.0,-9680.0,-14652.0,0.32,1.92,-178.48,-87.01
115.62,512.0,-6496.0,-16300.0,0.11,-6.55,-178.2,-97.78
115.69,424.0,-2904.0,-17520.0,0.18,-13.73,-178.61,-107.87
116.07,476.0,13896.0,-10400.0,-0.08,-38.14,-177.38,-148.1
116.22,436.0,16020.0,-3084.0,0.03,-42.81,-171.95,-158.92
116.43,228.0,13812.0,7476.0,0.76,-22.05,-1.75,-120.29
116.5,332.0,11708.0,10424.0,0.37,-11.68,-1.82,-107.45
116.57,376.0,8680.0,12220.0,0.55,-1.95,-1.76,-95.48
116.64,432.0,5992.0,14000.0,0.26,6.22,-1.77,-84.45
116.71,400.0,2092.0,14844.0,0.41,13.79,-1.54,-74.27
116.99,500.0,-10176.0,11580.0,-0.24,34.12,-2.47,-41.05
117.06,608.0,-13308.0,8148.0,0.68,38.46,-4.27,-34.48
117.2,312.0,-15968.0,1928.0,-0.18,42.2,-9.19,-24.13
117.34,508.0,-16216.0,-4204.0,-1.29,31.06,-173.11,-50.39
117.78,420.0,108.0,-17624.0,0.22,-19.46,-178.63,-116.94
117.85,356.0,4288.0,-16776.0,0.56,-24.72,-178.78,-125.61
117.93,500.0,6868.0,-16256.0,0.24,-29.85,-178.24,-133.59
118.37,548.0,15376.0,3620.0,0.65,-40.93,-8.61,-144.1
118.44,292.0,14024.0,6776.0,1.13,-28.06,-2.47,-129.54
118.58,392.0,9332.0,12176.0,0.48,-6.92,-1.84,-103.46
118.65,228.0,5976.0,13888.0,0.26,2.03,-0.94,-91.67
118.72,384.0,3052.0,14712.0,0.42,10.34,-1.5,-80.86
118.79,388.0,-752.0,14904.0,0.4,17.4,-1.49,-70.87
119.43,544.0,-15148.0,-8196.0,0.12,23.18,-176.2,-63.66
119.5,348.0,-13184.0,-11360.0,0.4,13.37,-178.25,-75.77
119.57,492.0,-10928.0,-13756.0,0.55,4.31,-177.95,-87.11
119.65,480.0,-7108.0,-15932.0,-0.18,-4.61,-178.27,-97.78
119.72,392.0,-3644.0,-17216.0,-0.09,-11.8,-178.7,-107.79
119.87,436.0,3396.0,-17392.0,0.54,-23.22,-178.56,-125.72
120.24,272.0,15904.0,-4120.0,0.27,-40.54,-176.22,-158.69
120.39,204.0,15648.0,3360.0,0.16,-40.38,-3.47,-143.68
120.46,328.0,14372.0,6564.0,0.88,-26.82,-2.86,-129.11
120.53,356.0,12492.0,9256.0,0.67,-15.53,-2.2,-115.5
120.6,308.0,9400.0,12136.0,0.63,-5.31,-1.45,-102.77
120.67,296.0,6552.0,13916.0,0.31,3.52,-1.22,-90.98
120.81,256.0,-28.0,14788.0,0.15,18.43,-0.99,-70.16
120.88,516.0,-3592.0,14404.0,0.34,24.75,-2.05,-61.05
120.95,432.0,-6872.0,13764.0,0.27,29.9,-1.8,-52.58
121.15,236.0,-14444.0,6248.0,0.09,40.97,-2.16,-31.38
121.29,448.0,-16424.0,164.0,-0.94,43.99,-69.89,-28.4
121.36,744.0,-16152.0,-4020.0,-0.98,40.28,-169.51,-41.6
121.44,424.0,-15088.0,-7520.0,-0.08,29.87,-176.77,-54.81
121.51,580.0,-13388.0,-11008.0,0.04,19.12,-176.98,-67.33
121.8,416.0,-1552.0,-17736.0,0.29,-14.27,-178.66,-110.68
122.32,456.0,16076.0,-1564.0,0.47,-41.67,-163.75,-158.81
122.54,384.0,12828.0,8836.0,0.69,-17.65,-2.49,-115.81
122.61,600.0,10416.0,11380.0,1.01,-7.08,-3.02,-103.37
122.68,548.0,7244.0,13372.0,0.36,1.32,-2.35,-91.78
122.88,560.0,-2888.0,14864.0,0.34,22.58,-2.16,-62.08
122.95,492.0,-6044.0,13800.0,0.15,27.68,-2.04,-53.67
123.37,596.0,-16244.0,-3068.0,-0.6,35.89,-169.01,-46.73
123.45,340.0,-15420.0,-7208.0,0.02,25.6,-177.3,-59.79
123.52,676.0,-13676.0,-10160.0,0.1,15.15,-176.19,-71.98
123.67,572.0,-7652.0,-15688.0,-0.68,-3.46,-177.91,-94.54
124.04,424.0,9848.0,-14592.0,0.56,-31.58,-178.34,-138.79
124.34,316.0,16384.0,-1720.0,-0.44,-43.3,-169.59,-161.9
124.41,380.0,16196.0,1944.0,0.48,-43.09,-11.06,-147.2
124.48,352.0,14816.0,5480.0,0.62,-30.43,-3.68,-132.49
124.83,716.0,668.0,14932.0,0.11,16.34,-2.75,-72.82
125.11,560.0,-11468.0,10296.0,-0.34,36.14,-3.11,-39.91
125.18,528.0,-13928.0,7180.0,-0.11,39.62,-4.21,-33.39
125.25,656.0,-15608.0,4024.0,0.02,42.33,-9.26,-28.04
125.32,420.0,-16412.0,528.0,-0.24,43.74,-38.5,-26.51
125.39,468.0,-16540.0,-2992.0,0.31,43.22,-171.11,-39.98
125.83,280.0,-1828.0,-17672.0,0.55,-13.01,-179.09,-109.37
126.35,168.0,16272.0,-2012.0,1.06,-40.82,-175.23,-159.5
126.42,524.0,16084.0,1464.0,0.64,-42.68,-19.69,-146.1
126.49,328.0,15068.0,5056.0,0.73,-31.02,-3.71,-131.62
126.56,360.0,13228.0,8192.0,0.76,-19.32,-2.52,-117.99
126.64,456.0,10836.0,10932.0,0.57,-9.03,-2.39,-105.31
126.91,360.0,-1824.0,15296.0,-0.09,21.54,-1.35,-63.08
126.98,388.0,-5768.0,14220.0,0.44,27.53,-1.56,-54.46
127.05,432.0,-8732.0,12580.0,-0.08,31.71,-1.97,-46.62
127.12,516.0,-11348.0,10216.0,1.13,36.87,-2.89,-39.42
127.19,360.0,-13812.0,7352.0,0.19,39.17,-2.8,-32.86
127.26,736.0,-15428.0,4440.0,0.12,41.76,-9.41,-27.66
127.33,288.0,-16200.0,964.0,-0.39,42.87,-16.63,-23.78
127.4,520.0,-16280.0,-2824.0,-0.13,43.76,-169.57,-37.34
127.47,488.0,-15952.0,-6220.0,0.83,33.0,-175.51,-50.72
127.62,812.0,-11712.0,-12620.0,0.15,11.07,-176.32,-75.6
127.91,80.0,936.0,-17740.0,0.34,-19.69,-179.74,-117.54
127.99,332.0,5528.0,-16468.0,0.27,-25.4,-178.85,-126.16
128.06,396.0,8668.0,-15188.0,0.6,-29.85,-178.51,-134.12
128.13,160.0,11028.0,-13436.0,0.34,-34.15,-179.32,-141.54
128.21,216.0,13436.0,-10632.0,0.71,-37.22,-178.84,-148.3
128.28,372.0,16112.0,-5676.0,-0.6,-41.32,-176.25,-154.27
128.36,372.0,16580.0,-3204.0,0.13,-42.6,-173.38,-159.3
128.43,380.0,16096.0,1088.0,1.31,-42.71,-19.25,-145.87
128.5,448.0,15176.0,4580.0,0.79,-31.63,-5.59,-131.68
128.58,372.0,13620.0,7880.0,0.58,-20.33,-2.7,-118.11
128.99,396.0,-5036.0,14480.0,0.1,26.31,-1.57,-54.92
129.06,368.0,-8176.0,12936.0,0.46,31.39,-1.63,-47.02
129.13,296.0,-11212.0,10320.0,-1.0,33.95,-1.64,-39.85
129.2,384.0,-13300.0,8204.0,0.18,38.5,-2.68,-33.24
129.78,348.0,-6520.0,-16304.0,0.21,-5.87,-178.78,-97.15
129.85,456.0,-3004.0,-17368.0,0.27,-13.17,-178.5,-107.26
129.92,416.0,1540.0,-17756.0,0.4,-19.47,-178.66,-116.72
130.0,332.0,4512.0,-17104.0,0.24,-25.26,-178.89,-125.5
130.07,512.0,7964.0,-15640.0,0.49,-29.87,-178.13,-133.5
130.15,356.0,12076.0,-12752.0,-0.01,-34.43,-178.4,-140.91
130.22,468.0,13428.0,-10256.0,-0.17,-38.01,-177.39,-147.68
130.3,376.0,15304.0,-6836.0,1.97,-38.59,-176.85,-153.65
130.37,292.0,16364.0,-3216.0,0.02,-42.66,-174.81,-158.89
130.51,216.0,15472.0,4036.0,0.54,-37.82,-3.06,-138.79
130.8,232.0,5720.0,13940.0,0.6,4.44,-0.95,-87.79
131.0,344.0,-4700.0,14088.0,0.43,24.69,-1.4,-58.72
131.07,96.0,-8000.0,13140.0,0.15,29.49,-0.42,-50.38
131.14,492.0,-10520.0,11256.0,0.17,33.92,-2.5,-42.98
131.21,484.0,-13092.0,8400.0,-0.23,37.09,-3.3,-36.23
131.28,528.0,-14952.0,5640.0,0.08,40.3,-5.35,-30.26
131.35,404.0,-16124.0,2216.0,-0.05,42.38,-10.33,-25.42
131.42,528.0,-16636.0,-1452.0,0.44,44.2,-160.02,-37.66
131.49,500.0,-16612.0,-4216.0,-0.22,32.69,-173.24,-50.78
131.94,484.0,-80.0,-17456.0,0.26,-18.95,-178.41,-117.22
132.31,460.0,15056.0,-7852.0,-1.04,-40.82,-176.65,-153.8
132.6,260.0,14092.0,6788.0,1.04,-25.31,-2.19,-126.28
132.67,340.0,11796.0,9896.0,0.73,-14.35,-1.97,-112.92
132.74,208.0,9388.0,11872.0,0.15,-4.89,-1.0,-100.44
133.08,236.0,-7096.0,13436.0,-0.23,29.4,-1.01,-51.25
133.29,408.0,-14672.0,5880.0,-0.12,40.61,-3.97,-30.46
133.73,320.0,-10960.0,-13936.0,0.11,3.83,-178.68,-86.55
133.8,608.0,-7168.0,-16120.0,-0.4,-5.01,-177.84,-97.28
133.88,452.0,-3468.0,-17372.0,-0.01,-11.9,-178.51,-107.34
133.95,464.0,-172.0,-17520.0,0.34,-18.01,-178.48,-116.73
134.03,384.0,3592.0,-17484.0,0.15,-23.83,-178.74,-125.42
134.47,524.0,16448.0,-348.0,0.08,-42.71,-123.59,-157.44
134.55,472.0,15592.0,3416.0,0.38,-39.3,-7.87,-142.62
134.76,352.0,9428.0,12156.0,0.44,-5.66,-1.66,-102.48
134.83,392.0,6292.0,13684.0,0.46,3.46,-1.64,-90.77
134.89,392.0,3012.0,14596.0,0.46,11.47,-1.54,-79.99
135.03,520.0,-3860.0,14848.0,0.07,24.19,-2.01,-60.9
135.1,508.0,-6984.0,13588.0,0.09,29.43,-2.14,-52.51
135.17,560.0,-10380.0,11484.0,0.27,34.07,-2.79,-44.85
135.38,576.0,-16000.0,3000.0,0.01,42.98,-10.87,-26.64
135.52,588.0,-15904.0,-4944.0,-0.24,35.08,-173.22,-49.51
135.6,816.0,-15000.0,-7976.0,0.05,24.36,-174.16,-61.97
135.67,380.0,-13308.0,-11180.0,0.27,14.55,-178.05,-74.15
135.74,532.0,-10840.0,-13836.0,-0.01,4.94,-177.8,-85.59
136.26,244.0,13052.0,-11440.0,0.2,-35.42,-178.78,-146.67
136.34,220.0,15092.0,-7876.0,0.69,-37.86,-178.4,-152.85
136.41,404.0,16040.0,-4456.0,0.22,-40.67,-174.82,-158.05
136.48,320.0,16280.0,-612.0,0.23,-42.2,-152.4,-160.15
136.56,588.0,15864.0,3008.0,0.89,-40.83,-11.06,-145.54
136.7,336.0,12480.0,9080.0,0.36,-17.33,-2.12,-117.1
136.84,324.0,6628.0,13664.0,0.34,2.39,-1.36,-92.36
136.91,296.0,3188.0,14836.0,0.42,10.64,-1.14,-81.41
136.98,600.0,324.0,14996.0,0.48,17.87,-2.29,-71.41
137.04,340.0,-3508.0,14612.0,0.11,23.64,-1.33,-62.15
137.18,424.0,-9628.0,11784.0,-0.15,33.27,-2.06,-45.86
137.25,344.0,-12568.0,9368.0,0.64,37.92,-2.1,-38.59
137.32,480.0,-14548.0,6496.0,-0.03,40.48,-4.23,-32.26
137.39,412.0,-15764.0,3400.0,0.15,43.13,-6.91,-26.72
137.46,456.0,-16676.0,-4.0,0.39,45.13,-90.5,-31.06
137.6,556.0,-15456.0,-7480.0,0.45,28.68,-175.75,-57.23
137.9,436.0,-4472.0,-17148.0,0.06,-8.39,-178.54,-102.8
137.97,484.0,-1692.0,-17808.0,0.47,-14.82,-178.44,-112.39
138.05,572.0,1924.0,-17592.0,0.15,-21.13,-178.14,-121.33
138.12,296.0,6500.0,-16452.0,0.46,-25.98,-178.97,-129.64
138.34,352.0,14292.0,-8888.0,0.06,-37.71,-177.73,-150.56
138.64,364.0,14940.0,5580.0,0.58,-29.72,-3.73,-131.09
138.78,336.0,10300.0,11304.0,0.62,-7.68,-1.7,-104.72
138.85,428.0,7236.0,13272.0,0.3,1.3,-1.85,-92.9
138.92,520.0,4260.0,14344.0,0.55,9.75,-2.08,-82.03
139.05,476.0,-3092.0,14776.0,0.47,23.17,-1.85,-62.64
139.12,480.0,-5988.0,13916.0,0.25,28.32,-1.98,-54.11
139.19,528.0,-9556.0,12204.0,0.37,33.05,-2.48,-46.3
139.26,572.0,-11592.0,10224.0,-0.11,36.44,-3.2,-39.25
139.33,436.0,-14116.0,7272.0,-0.17,39.56,-3.43,-32.73
139.4,608.0,-15704.0,3904.0,-0.03,42.29,-8.85,-27.41
139.47,432.0,-16520.0,268.0,-0.08,43.88,-58.19,-28.1
139.54,424.0,-16424.0,-2756.0,-0.18,41.12,-171.25,-41.56
139.62,344.0,-15300.0,-6900.0,-0.4,29.36,-177.15,-54.9
139.69,296.0,-13692.0,-10264.0,0.4,19.24,-178.35,-67.6
139.91,784.0,-5068.0,-17032.0,0.56,-7.31,-177.36,-101.19
140.51,476.0,16476.0,-1672.0,-0.47,-42.88,-164.11,-159.62
140.58,252.0,15868.0,1704.0,0.21,-42.62,-8.41,-144.86
140.65,400.0,14592.0,5524.0,0.62,-29.67,-4.14,-130.45
140.72,320.0,12976.0,8372.0,0.53,-18.23,-2.19,-116.82
140.79,280.0,10620.0,11168.0,0.22,-8.13,-1.44,-104.1
141.14,444.0,-5992.0,13980.0,0.08,27.92,-1.82,-53.72
141.28,652.0,-11480.0,10392.0,0.22,36.56,-3.59,-38.92
141.35,612.0,-14156.0,7444.0,-0.13,39.33,-4.7,-32.63
141.42,472.0,-15596.0,4112.0,0.31,42.24,-6.55,-27.06
141.7,432.0,-13908.0,-9908.0,0.02,20.11,-177.5,-65.16
141.85,700.0,-8908.0,-15292.0,0.34,1.38,-177.38,-88.51
142.07,456.0,976.0,-17632.0,0.13,-20.22,-178.52,-118.27
142.14,460.0,5612.0,-16796.0,0.37,-25.45,-178.43,-126.79
142.22,236.0,8856.0,-15108.0,-0.02,-30.52,-179.11,-134.78
142.29,316.0,11444.0,-12620.0,0.85,-33.67,-178.57,-142.05
142.44,236.0,15476.0,-6744.0,-0.94,-41.49,-178.0,-154.74
142.59,420.0,15992.0,1444.0,0.95,-42.95,-16.22,-145.77
142.66,368.0,15004.0,4772.0,0.69,-31.34,-4.41,-131.42
142.73,292.0,13328.0,7968.0,0.47,-19.96,-2.1,-117.79
142.8,376.0,10856.0,10620.0,0.72,-9.2,-2.03,-105.09
143.22,436.0,-8072.0,12820.0,-0.11,31.28,-1.95,-46.68
143.29,424.0,-11776.0,10360.0,0.08,35.43,-2.34,-39.5
143.36,556.0,-13612.0,8280.0,0.5,39.14,-3.84,-33.06
143.43,620.0,-15296.0,4860.0,0.07,41.3,-7.27,-27.63
143.5,680.0,-16048.0,1344.0,0.16,43.19,-26.84,-24.87
144.08,380.0,1536.0,-17780.0,-0.11,-20.37,-178.78,-117.66
144.46,120.0,15468.0,-5928.0,0.42,-40.17,-178.84,-154.5
144.53,388.0,16292.0,-3184.0,0.2,-42.63,-173.05,-159.44
144.6,556.0,16228.0,716.0,1.25,-42.82,-37.83,-148.12
144.96,380.0,5516.0,13996.0,0.31,6.43,-1.56,-84.52
145.02,408.0,1964.0,15104.0,0.63,14.19,-1.55,-74.3
145.37,524.0,-13180.0,8240.0,0.53,38.69,-3.64,-34.09
145.44,516.0,-15020.0,5020.0,-0.18,40.68,-5.87,-28.42
145.51,752.0,-16168.0,1676.0,0.2,43.06,-24.17,-25.25
145.58,736.0,-16400.0,-1780.0,0.08,43.04,-157.54,-37.38
146.17,508.0,4404.0,-17176.0,0.32,-25.13,-178.31,-126.18
146.32,308.0,11832.0,-12824.0,0.52,-33.72,-178.62,-141.5
146.39,556.0,13428.0,-10660.0,0.4,-37.22,-177.01,-148.06
146.47,380.0,15144.0,-7892.0,2.31,-37.96,-177.24,-153.95
146.54,452.0,16256.0,-3532.0,0.41,-41.99,-172.71,-158.86
146.69,376.0,15376.0,3852.0,0.47,-35.98,-5.58,-137.12
146.83,476.0,11612.0,10108.0,0.45,-13.16,-2.7,-110.29
146.9,180.0,8916.0,12096.0,0.38,-3.51,-0.85,-98.01
146.97,368.0,5552.0,13984.0,0.27,5.14,-1.51,-86.74
147.03,420.0,2492.0,14692.0,0.38,12.89,-1.64,-76.37
147.1,532.0,-884.0,15056.0,0.51,19.68,-2.02,-66.82
147.24,576.0,-7876.0,13040.0,0.54,30.5,-2.53,-49.83
147.31,416.0,-10588.0,11220.0,-0.07,34.07,-2.12,-42.4
147.38,764.0,-13148.0,8476.0,0.34,38.03,-5.15,-35.81
147.96,380.0,-6848.0,-16528.0,0.47,-5.29,-178.68,-98.21
148.4,200.0,13088.0,-11216.0,0.17,-37.01,-178.98,-148.17
148.48,268.0,15096.0,-8020.0,-0.58,-40.57,-178.09,-154.32
148.55,572.0,15908.0,-4024.0,0.6,-41.57,-171.91,-159.11
148.63,372.0,16044.0,-160.0,0.1,-43.24,-113.27,-156.62
148.91,432.0,9136.0,11968.0,0.56,-5.08,-2.07,-101.57
149.05,592.0,2920.0,14832.0,0.02,11.28,-2.29,-79.38
149.12,388.0,-1040.0,15168.0,0.39,18.53,-1.47,-69.48
149.19,476.0,-4144.0,14724.0,-0.26,23.92,-1.85,-60.41
149.26,364.0,-7436.0,13276.0,-0.11,29.26,-1.57,-51.97
149.33,552.0,-10464.0,11516.0,0.53,34.38,-2.74,-44.3
149.4,588.0,-12996.0,8852.0,-0.02,37.51,-3.8,-37.4
149.47,672.0,-14680.0,5772.0,0.12,40.64,-6.64,-31.41
149.54,604.0,-15904.0,2420.0,-0.33,42.39,-14.01,-26.84
149.61,524.0,-16648.0,-1432.0,0.22,44.07,-159.9,-38.98
149.68,564.0,-16136.0,-4944.0,0.91,34.0,-173.49,-51.93
149.83,608.0,-12924.0,-11380.0,0.41,12.63,-176.94,-76.46
150.05,504.0,-3092.0,-17348.0,0.18,-11.95,-178.34,-108.26
150.12,356.0,-132.0,-17776.0,0.5,-17.97,-178.85,-117.54
150.2,624.0,3580.0,-17448.0,0.25,-23.79,-177.95,-126.03
150.34,432.0,10832.0,-13996.0,-0.27,-33.12,-178.23,-141.22
150.57,392.0,15996.0,-4152.0,0.02,-41.04,-174.61,-158.95
150.72,604.0,15568.0,3436.0,0.4,-40.56,-9.97,-145.15
150.79,380.0,14188.0,6584.0,0.95,-27.62,-3.3,-130.49
150.86,484.0,12252.0,9416.0,1.02,-15.96,-2.94,-116.82
151.41,588.0,-12544.0,9268.0,0.2,37.92,-3.63,-38.49
151.48,420.0,-14724.0,6172.0,0.29,41.1,-3.89,-32.09
152.06,544.0,-4624.0,-17240.0,-0.02,-10.83,-178.19,-107.28
152.14,520.0,228.0,-17904.0,0.02,-17.2,-178.34,-116.58
152.21,420.0,3584.0,-17476.0,-0.02,-22.85,-178.62,-125.16
152.29,520.0,7356.0,-16136.0,0.63,-27.06,-178.15,-133.05
152.36,320.0,10140.0,-14168.0,0.37,-31.43,-178.71,-140.36
152.44,416.0,13064.0,-11368.0,0.37,-34.94,-177.9,-147.01
152.51,316.0,15024.0,-7964.0,0.85,-37.29,-177.73,-153.04
152.58,324.0,15732.0,-4340.0,0.56,-39.83,-175.73,-158.27
152.8,420.0,14624.0,6220.0,0.59,-27.83,-3.86,-130.31
152.94,356.0,9780.0,11544.0,1.09,-5.52,-1.77,-103.92
153.93,544.0,-11264.0,-13236.0,0.27,7.39,-177.65,-82.99
154.0,748.0,-7692.0,-15728.0,-0.3,-1.72,-177.28,-93.82
154.07,552.0,-5096.0,-16772.0,-0.09,-9.06,-178.11,-104.03
154.15,636.0,-1268.0,-18112.0,0.45,-15.23,-177.99,-113.51
154.22,232.0,2296.0,-17640.0,0.38,-21.16,-179.25,-122.48
154.3,488.0,6224.0,-16532.0,0.06,-26.66,-178.31,-130.65
154.37,408.0,9676.0,-14608.0,0.3,-30.78,-178.4,-138.16
154.44,492.0,11892.0,-12460.0,0.29,-34.47,-177.74,-144.98
154.67,280.0,16528.0,-1764.0,-0.43,-42.42,-170.98,-161.38
154.96,320.0,10480.0,11084.0,0.47,-7.76,-1.65,-105.44
155.1,388.0,4084.0,14452.0,0.27,9.72,-1.54,-82.45
155.16,500.0,768.0,14992.0,-0.02,16.68,-1.91,-72.37
155.23,424.0,-2960.0,14784.0,0.47,23.43,-1.64,-63.01
155.3,472.0,-6056.0,14100.0,0.22,28.62,-1.92,-54.39
155.58,636.0,-15436.0,3932.0,-0.05,42.64,-9.19,-27.59
155.65,532.0,-16328.0,448.0,0.06,44.38,-49.9,-27.31
155.72,144.0,-16692.0,-3072.0,0.08,42.39,-177.32,-41.48
155.79,752.0,-15268.0,-6828.0,-0.21,30.06,-173.72,-54.4
155.87,528.0,-13768.0,-10276.0,0.44,20.06,-177.06,-66.93
156.02,480.0,-9580.0,-14844.0,-0.37,0.55,-178.15,-90.02
156.16,456.0,-1832.0,-17712.0,0.4,-13.66,-178.53,-110.32
156.24,344.0,2560.0,-17540.0,0.28,-19.96,-178.88,-119.5
156.31,548.0,5664.0,-16804.0,0.27,-25.37,-178.13,-127.9
156.53,468.0,14508.0,-8852.0,0.46,-36.89,-176.97,-149.16
156.83,524.0,14952.0,5092.0,0.95,-30.14,-5.88,-131.32
157.17,344.0,1648.0,14852.0,0.37,15.71,-1.33,-72.5
157.24,508.0,-1828.0,15152.0,0.03,21.7,-1.92,-63.26
157.31,532.0,-5584.0,14052.0,0.6,27.69,-2.17,-54.71
157.38,432.0,-8432.0,12944.0,-0.44,31.3,-1.91,-46.88
157.59,544.0,-15428.0,4536.0,0.02,41.78,-6.84,-27.46
157.81,448.0,-16012.0,-6212.0,0.73,33.17,-175.88,-50.57
157.88,672.0,-14584.0,-9436.0,-0.24,21.03,-175.93,-63.35
157.95,552.0,-12320.0,-12536.0,-0.05,11.13,-177.48,-75.55
158.17,544.0,-2300.0,-17724.0,0.0,-13.53,-178.24,-107.89
158.25,444.0,1408.0,-17712.0,0.43,-19.47,-178.56,-117.27
158.62,432.0,15868.0,-5840.0,-0.04,-40.32,-175.77,-153.68
158.69,284.0,16288.0,-3252.0,-0.01,-42.31,-175.01,-158.96
158.77,336.0,15884.0,1092.0,1.13,-42.65,-17.1,-145.31
158.98,424.0,11232.0,10320.0,0.72,-9.44,-2.35,-105.03
159.19,368.0,1832.0,15056.0,0.44,15.18,-1.4,-72.2
159.26,596.0,-1520.0,14984.0,0.45,21.48,-2.28,-63.04
159.32,400.0,-4948.0,14300.0,0.29,26.7,-1.6,-54.51
159.39,156.0,-8176.0,12852.0,0.11,31.21,-0.7,-46.57
159.54,380.0,-13208.0,8196.0,0.34,38.74,-2.65,-32.95
159.67,492.0,-16132.0,1592.0,0.2,43.16,-17.17,-23.62
159.75,676.0,-16308.0,-1660.0,-0.03,43.5,-157.84,-35.9
159.82,84.0,-15292.0,-6352.0,-2.11,30.6,-179.24,-50.01
159.89,552.0,-14588.0,-8708.0,0.4,21.58,-176.37,-62.87
159.96,584.0,-12444.0,-12172.0,0.18,11.21,-177.25,-75.08
160.04,600.0,-9752.0,-14828.0,0.56,2.4,-177.68,-86.58
160.18,296.0,-3208.0,-17368.0,0.39,-13.22,-179.02,-107.45
160.26,476.0,820.0,-17836.0,0.31,-19.76,-178.47,-116.88
160.33,364.0,4420.0,-17148.0,0.19,-25.46,-178.78,-125.6
160.4,584.0,8064.0,-15524.0,0.79,-29.69,-177.85,-133.53
160.48,332.0,10772.0,-13196.0,1.12,-33.39,-178.56,-140.88
160.7,476.0,16040.0,-3624.0,0.79,-42.11,-172.52,-158.65
160.78,516.0,16240.0,276.0,0.44,-43.73,-61.86,-150.31
160.85,176.0,15320.0,3744.0,0.44,-35.65,-2.69,-135.54
161.2,316.0,2752.0,14564.0,0.31,12.93,-1.24,-75.26
161.33,608.0,-4344.0,14296.0,0.17,25.13,-2.44,-57.11
161.47,564.0,-10504.0,11356.0,0.21,34.12,-2.84,-41.9
161.54,536.0,-13072.0,8684.0,-0.13,37.23,-3.53,-35.28
161.61,536.0,-14792.0,5752.0,0.15,40.32,-5.32,-29.4
161.75,468.0,-16676.0,-1572.0,0.15,43.4,-163.42,-37.86
162.05,504.0,-10424.0,-14048.0,0.0,2.05,-177.95,-87.19
162.41,204.0,7876.0,-16108.0,-0.11,-30.13,-179.27,-133.92
162.49,112.0,10568.0,-14308.0,-0.37,-34.51,-179.55,-141.45
162.56,188.0,13344.0,-10928.0,0.35,-37.27,-179.01,-148.3
162.79,388.0,16244.0,-340.0,0.19,-43.76,-131.23,-159.16
163.21,376.0,3148.0,14856.0,0.15,10.53,-1.45,-80.57
163.56,228.0,-13040.0,9248.0,-0.37,36.99,-1.41,-37.75
163.63,260.0,-14724.0,5940.0,-0.24,40.34,-2.51,-31.27
163.7,264.0,-15760.0,2624.0,-0.08,43.06,-5.75,-25.71
163.77,492.0,-16468.0,-1448.0,-0.85,44.06,-161.23,-38.15
163.92,548.0,-15132.0,-8388.0,0.24,23.19,-176.26,-63.85
164.06,376.0,-10852.0,-13972.0,0.15,3.9,-178.46,-87.26
164.14,528.0,-7016.0,-16248.0,-0.43,-4.92,-178.14,-97.93
164.21,448.0,-3464.0,-17256.0,0.28,-11.45,-178.51,-107.88
164.28,292.0,-36.0,-17828.0,0.56,-17.58,-179.06,-117.21
164.43,532.0,7524.0,-16148.0,0.09,-28.45,-178.11,-133.61
164.5,612.0,10828.0,-13784.0,-0.03,-32.62,-177.46,-140.79
164.58,508.0,13112.0,-11216.0,0.02,-35.92,-177.41,-147.43
164.8,384.0,16640.0,-560.0,0.02,-42.21,-145.56,-159.72
165.57,660.0,-12428.0,9208.0,0.15,37.78,-4.1,-38.51
166.08,540.0,-10472.0,-14104.0,0.09,3.99,-177.81,-87.92
166.59,476.0,13108.0,-11268.0,0.43,-35.18,-177.58,-147.75
166.67,276.0,15048.0,-7812.0,0.4,-37.93,-177.98,-153.76
166.74,328.0,16148.0,-4484.0,0.16,-40.39,-175.82,-158.95
166.82,408.0,16328.0,-344.0,0.26,-41.84,-130.14,-158.35
166.89,180.0,15872.0,3016.0,0.85,-38.66,-3.42,-142.92
167.58,644.0,-12728.0,9356.0,0.73,39.13,-3.94,-37.35
167.65,620.0,-14684.0,6404.0,-0.04,41.32,-5.53,-31.25
167.72,484.0,-15744.0,3196.0,-0.15,43.49,-8.61,-26.0
167.79,536.0,-16444.0,280.0,-0.76,44.42,-62.42,-27.28
168.09,584.0,-10800.0,-13644.0,0.06,9.51,-177.55,-78.92
168.16,368.0,-8404.0,-15876.0,0.66,1.21,-178.67,-90.18
168.23,380.0,-4704.0,-17032.0,0.34,-7.1,-178.72,-100.69
168.31,528.0,-1384.0,-17772.0,0.35,-14.12,-178.3,-110.47
168.38,688.0,2692.0,-17320.0,0.51,-20.1,-177.73,-119.5
168.45,316.0,6680.0,-16204.0,0.18,-25.72,-178.88,-128.0
168.68,420.0,14392.0,-8828.0,0.56,-37.08,-177.28,-149.32
168.75,360.0,15996.0,-5148.0,0.34,-39.87,-176.0,-155.0
168.82,460.0,16172.0,-1552.0,0.85,-41.27,-163.49,-158.68
169.04,424.0,12664.0,8828.0,0.56,-18.07,-2.75,-116.18
169.8,692.0,-16156.0,-300.0,0.21,43.08,-113.44,-34.79
170.02,516.0,-13892.0,-10428.0,0.04,14.42,-177.17,-73.17
170.1,696.0,-11124.0,-13420.0,0.27,5.31,-177.03,-84.61
170.17,420.0,-7304.0,-16128.0,0.17,-3.11,-178.51,-95.48
170.24,536.0,-5480.0,-17000.0,-0.15,-10.93,-178.19,-105.6
170.39,428.0,2456.0,-17380.0,0.38,-22.65,-178.59,-123.78
170.61,324.0,12332.0,-12188.0,0.55,-35.29,-178.48,-146.13
170.69,588.0,14368.0,-9096.0,-0.3,-39.09,-176.3,-152.21
170.76,412.0,16024.0,-5480.0,-0.1,-41.1,-175.7,-157.65
170.98,356.0,14820.0,5516.0,0.6,-29.61,-3.69,-131.57
171.4,404.0,-2944.0,14804.0,0.43,23.34,-1.56,-62.8
171.53,540.0,-9568.0,12212.0,0.21,33.13,-2.53,-46.44
171.6,620.0,-12064.0,10104.0,-0.48,36.31,-3.51,-39.41
171.68,472.0,-14232.0,6944.0,0.0,39.96,-3.89,-32.9
171.75,536.0,-15708.0,3792.0,-0.04,42.49,-8.05,-27.5
171.82,324.0,-16364.0,116.0,-0.21,44.04,-70.3,-29.53
172.03,436.0,-14064.0,-10356.0,0.27,18.88,-177.59,-68.38
172.11,532.0,-11456.0,-13072.0,0.25,9.05,-177.67,-80.19
172.18,312.0,-7676.0,-15476.0,-0.65,-0.64,-178.85,-91.45
172.62,352.0,11980.0,-12676.0,0.01,-34.5,-178.41,-143.77
172.7,368.0,14228.0,-8952.0,-0.46,-38.13,-177.65,-150.21
173.07,460.0,13000.0,8660.0,0.72,-18.36,-3.04,-117.93
173.14,360.0,10436.0,11136.0,0.4,-8.23,-1.85,-105.12
173.21,364.0,7628.0,13164.0,0.31,1.04,-1.58,-93.21
173.28,404.0,4156.0,14444.0,0.31,9.31,-1.6,-82.25
173.34,492.0,776.0,15060.0,0.21,16.42,-1.87,-72.21
173.48,484.0,-5972.0,13928.0,-0.09,27.78,-1.99,-54.43
173.55,452.0,-9404.0,12304.0,0.28,32.79,-2.1,-46.51
173.62,632.0,-11768.0,10076.0,0.0,36.44,-3.59,-39.47
174.42,480.0,3028.0,-17608.0,0.19,-20.5,-178.44,-119.76
174.49,592.0,5916.0,-16712.0,0.26,-25.76,-177.97,-128.13
174.94,420.0,15808.0,1728.0,0.3,-42.24,-13.66,-144.98
175.01,316.0,14844.0,5436.0,0.66,-29.83,-3.33,-130.48
175.08,472.0,12612.0,8668.0,0.6,-18.26,-3.12,-116.95
175.36,300.0,1024.0,15208.0,0.01,16.03,-1.13,-71.68
175.43,444.0,-2732.0,14680.0,0.41,22.71,-1.73,-62.45
175.5,584.0,-5960.0,14020.0,0.29,27.97,-2.39,-53.99
175.56,556.0,-9240.0,12068.0,0.47,32.71,-2.64,-46.23
175.63,424.0,-11500.0,10248.0,-0.25,35.85,-2.37,-39.12
175.71,632.0,-13968.0,7280.0,-0.28,39.06,-4.96,-32.81
176.14,668.0,-11872.0,-13148.0,0.47,10.92,-177.09,-76.61
176.36,404.0,-1832.0,-17840.0,0.34,-13.62,-178.7,-108.84
176.43,356.0,2580.0,-17656.0,0.4,-19.87,-178.84,-118.18
176.5,504.0,5608.0,-16736.0,0.24,-25.55,-178.28,-126.74
176.65,340.0,12476.0,-12324.0,-0.11,-34.57,-178.42,-141.92
176.73,328.0,14700.0,-8736.0,0.07,-37.72,-177.85,-148.61
176.88,340.0,16240.0,-1456.0,1.24,-41.17,-166.86,-158.44
176.95,288.0,15844.0,1556.0,0.42,-42.76,-10.49,-144.1
177.02,388.0,15092.0,5188.0,0.69,-30.26,-4.28,-129.88
177.09,400.0,13036.0,8364.0,0.66,-18.83,-2.74,-116.44
177.16,500.0,10836.0,10988.0,0.45,-8.72,-2.61,-103.94
177.65,396.0,-11408.0,10624.0,0.51,35.86,-2.13,-39.11
177.72,476.0,-14012.0,7280.0,-0.11,38.52,-3.74,-32.74
177.79,464.0,-15712.0,4272.0,-0.09,41.11,-6.2,-27.19
177.86,576.0,-16412.0,844.0,-0.15,42.92,-34.31,-25.3
177.93,524.0,-16128.0,-3116.0,0.05,42.32,-170.45,-38.92
178.15,544.0,-11808.0,-12800.0,-0.24,9.4,-177.57,-77.11
178.22,728.0,-8996.0,-15292.0,0.2,0.8,-177.27,-88.45
178.29,420.0,-5596.0,-16812.0,0.28,-7.14,-178.57,-99.15
178.52,240.0,5736.0,-16752.0,0.18,-26.13,-179.18,-127.05
178.66,432.0,11428.0,-12364.0,0.85,-34.22,-178.0,-142.29
178.81,292.0,15256.0,-6748.0,-0.31,-41.29,-177.52,-154.85
178.89,424.0,16164.0,-3032.0,1.78,-41.28,-172.04,-159.57
178.96,368.0,16092.0,1328.0,0.65,-43.56,-15.49,-145.72
179.1,328.0,13464.0,7904.0,0.55,-20.22,-2.38,-117.91
179.45,548.0,-1760.0,14936.0,0.37,21.18,-2.1,-63.45
179.8,712.0,-15156.0,4424.0,-0.21,40.51,-9.14,-28.4
179.87,724.0,-16220.0,1180.0,-0.02,42.42,-31.53,-26.09
179.94,760.0,-16304.0,-2608.0,-0.17,41.78,-163.75,-38.89
180.02,596.0,-15988.0,-6356.0,0.7,31.54,-174.64,-52.14
180.24,216.0,-9368.0,-14828.0,0.64,1.48,-179.17,-88.54
180.31,332.0,-6000.0,-16616.0,0.21,-7.13,-178.86,-99.26
180.38,368.0,-2340.0,-17884.0,0.15,-14.38,-178.82,-109.25
180.46,180.0,1344.0,-17828.0,0.32,-20.49,-179.42,-118.64
180.98,504.0,16108.0,1120.0,1.13,-42.87,-24.23,-146.8
181.05,492.0,15044.0,4616.0,0.84,-31.93,-6.08,-132.56
181.19,504.0,11216.0,10492.0,0.89,-9.85,-2.75,-106.3
181.26,384.0,8528.0,12420.0,0.69,-0.68,-1.77,-94.39
181.33,180.0,5372.0,14008.0,0.34,7.33,-0.74,-83.31
181.74,516.0,-13432.0,8180.0,0.33,38.64,-3.61,-33.77
181.95,356.0,-16544.0,-2020.0,-0.11,43.89,-170.0,-37.24
182.03,716.0,-15552.0,-6352.0,-0.88,31.35,-173.57,-50.51
182.1,512.0,-14600.0,-9208.0,0.47,21.72,-176.82,-63.36
182.17,608.0,-13020.0,-11472.0,0.51,11.58,-176.97,-75.48
182.25,564.0,-11336.0,-13108.0,0.9,2.84,-177.54,-86.9
182.39,552.0,-8928.0,-15216.0,0.84,-12.67,-177.92,-107.59
182.47,464.0,-7568.0,-15892.0,1.41,-18.47,-178.33,-116.93
182.54,580.0,-7396.0,-15972.0,1.4,-24.06,-177.92,-125.54
182.62,516.0,-6756.0,-16156.0,1.81,-28.44,-178.17,-133.5
182.69,516.0,-6632.0,-16376.0,1.84,-32.49,-178.2,-140.82
182.77,504.0,-6776.0,-16264.0,1.6,-36.16,-178.23,-147.55
182.84,620.0,-6764.0,-16356.0,2.05,-38.52,-177.83,-153.61
182.92,572.0,-6696.0,-16364.0,1.98,-40.81,-178.0,-159.15
182.99,456.0,-6684.0,-16472.0,1.55,-42.98,-178.41,-164.24
183.59,364.0,-6764.0,-16216.0,1.52,-43.85,-178.71,-189.05
183.97,460.0,-6752.0,-16284.0,1.75,-37.49,-178.38,-194.51
184.12,532.0,-6788.0,-16284.0,2.02,-34.21,-178.13,-195.29
184.19,532.0,-6680.0,-16324.0,1.94,-32.71,-178.13,-195.45
184.27,460.0,-6748.0,-16304.0,1.92,-31.13,-178.38,-195.52
184.64,456.0,-6772.0,-16396.0,1.85,-23.48,-178.41,-194.48
184.72,484.0,-6796.0,-16356.0,2.12,-21.73,-178.31,-194.03
185.02,444.0,-6800.0,-16316.0,1.92,-16.44,-178.44,-191.97
185.09,556.0,-6788.0,-16464.0,1.78,-15.33,-178.07,-191.36
185.17,464.0,-6800.0,-16508.0,1.82,-14.07,-178.39,-190.77
185.32,380.0,-6780.0,-16432.0,1.89,-11.78,-178.68,-189.63
185.76,420.0,-6768.0,-16332.0,1.95,-6.3,-178.53,-186.08
186.28,492.0,-6784.0,-16556.0,1.88,-2.36,-178.3,-182.75
186.35,340.0,-6764.0,-16412.0,1.86,-1.97,-178.81,-182.43
186.43,388.0,-6804.0,-16356.0,1.74,-1.76,-178.64,-182.1
186.57,544.0,-6784.0,-16432.0,1.76,-1.08,-178.1,-181.38
186.72,464.0,-6844.0,-16572.0,1.76,-0.53,-178.4,-180.8
186.79,592.0,-6708.0,-16476.0,1.88,-0.19,-177.94,-180.48
186.87,528.0,-6864.0,-16320.0,1.93,0.09,-178.15,-180.2
186.94,500.0,-6752.0,-16360.0,2.02,0.37,-178.25,-179.95
187.01,620.0,-6736.0,-16420.0,1.79,0.3,-177.84,-179.69
187.23,532.0,-6688.0,-16376.0,1.98,0.87,-178.14,-179.1
187.52,480.0,-6768.0,-16440.0,1.79,0.89,-178.33,-178.64
187.6,560.0,-6660.0,-16404.0,1.95,1.08,-178.04,-178.51
187.67,560.0,-6744.0,-16356.0,1.66,0.84,-178.04,-178.4
187.81,416.0,-6772.0,-16396.0,1.85,1.08,-178.55,-178.26
188.4,584.0,-6820.0,-16388.0,1.85,0.91,-177.96,-177.9
188.54,412.0,-6644.0,-16376.0,1.88,0.89,-178.56,-177.92
188.61,456.0,-6764.0,-16252.0,1.52,0.47,-178.39,-177.94
188.69,440.0,-7072.0,-16584.0,0.73,-0.36,-178.48,-178.03
188.76,532.0,-6772.0,-15976.0,2.24,1.12,-178.09,-177.96
188.91,672.0,-6988.0,-16760.0,1.02,-0.07,-177.7,-177.8
189.13,668.0,-6524.0,-16348.0,1.5,0.39,-177.66,-177.63
189.2,1028.0,-8800.0,-17248.0,-0.42,-1.53,-176.59,-177.61
189.27,484.0,-6728.0,-16116.0,2.09,1.07,-178.28,-177.62
189.35,440.0,-8808.0,-17456.0,-5.73,-6.81,-178.56,-178.16
189.57,536.0,-6920.0,-16492.0,1.9,0.74,-178.14,-178.08
189.64,516.0,-6784.0,-16592.0,1.83,0.67,-178.22,-178.05
189.71,576.0,-6820.0,-16372.0,1.9,0.72,-177.99,-178.0
189.79,392.0,-6792.0,-16320.0,1.92,0.74,-178.62,-178.02
189.86,532.0,-6800.0,-16416.0,1.84,0.61,-178.14,-178.0
190.3,464.0,-6740.0,-16404.0,1.89,0.55,-178.38,-177.96
190.51,492.0,-6824.0,-16316.0,1.83,0.38,-178.27,-178.03
190.59,424.0,-6860.0,-16404.0,1.89,0.42,-178.52,-178.05
190.66,572.0,-6828.0,-16344.0,2.02,0.51,-178.0,-178.02
190.73,600.0,-6812.0,-16304.0,1.71,0.19,-177.89,-177.99
191.02,552.0,-6668.0,-16364.0,1.76,0.19,-178.07,-178.01
191.31,560.0,-6784.0,-16376.0,1.81,0.18,-178.04,-178.03
191.39,460.0,-6708.0,-16428.0,1.84,0.21,-178.4,-178.06
191.46,404.0,-6764.0,-16464.0,1.7,0.04,-178.59,-178.12
191.83,460.0,-6816.0,-16464.0,1.78,0.04,-178.4,-178.18
192.04,500.0,-6772.0,-16508.0,1.66,-0.1,-178.27,-178.19
192.26,500.0,-6720.0,-16472.0,1.73,-0.06,-178.26,-178.23
192.34,504.0,-6712.0,-16164.0,1.82,0.03,-178.21,-178.22
192.41,480.0,-6704.0,-16340.0,1.85,0.05,-178.32,-178.23
192.63,476.0,-6852.0,-16264.0,1.73,-0.1,-178.32,-178.27
192.78,376.0,-6724.0,-16380.0,1.74,-0.09,-178.69,-178.33
193.22,428.0,-6792.0,-16384.0,1.74,-0.11,-178.5,-178.35
193.29,464.0,-6816.0,-16332.0,1.94,0.07,-178.37,-178.34
193.36,544.0,-6880.0,-16544.0,1.82,-0.05,-178.12,-178.32
193.66,504.0,-6740.0,-16132.0,1.73,-0.12,-178.21,-178.31
193.95,428.0,-6784.0,-16336.0,1.64,-0.17,-178.5,-178.33
194.03,424.0,-6816.0,-16424.0,1.72,-0.11,-178.52,-178.36
194.1,424.0,-6712.0,-16400.0,2.07,0.23,-178.52,-178.36
194.17,504.0,-6704.0,-16228.0,1.84,-0.02,-178.22,-178.34
194.32,544.0,-6828.0,-16300.0,1.79,-0.03,-178.09,-178.29
194.76,520.0,-6852.0,-16468.0,2.03,0.22,-178.19,-178.29
194.98,468.0,-6612.0,-16324.0,1.83,0.07,-178.36,-178.22
195.05,452.0,-6716.0,-16276.0,1.85,0.08,-178.41,-178.24
195.13,632.0,-6712.0,-16332.0,1.83,0.04,-177.78,-178.18
195.71,424.0,-6860.0,-16324.0,1.88,0.04,-178.51,-178.35
195.79,-160.0,-6244.0,-16084.0,1.08,0.04,179.43,179.43
195.93,1232.0,-7428.0,-17016.0,1.72,-0.14,-175.86,-177.57
196.0,536.0,-6700.0,-16308.0,1.98,0.28,-178.12,-177.61
196.08,484.0,-6768.0,-16464.0,1.79,0.04,-178.32,-177.69
196.22,536.0,-6768.0,-16304.0,1.82,-0.0,-178.12,-177.76
196.3,412.0,-6836.0,-16392.0,1.82,-0.04,-178.56,-177.86
196.44,436.0,-6792.0,-16200.0,1.82,-0.12,-178.46,-177.96
196.52,516.0,-6776.0,-16384.0,1.79,-0.19,-178.2,-178.0
196.59,512.0,-6824.0,-16244.0,1.82,-0.19,-178.19,-178.04
196.81,564.0,-6848.0,-16308.0,1.88,-0.17,-178.02,-178.11
196.89,444.0,-6688.0,-16324.0,1.65,-0.39,-178.44,-178.18
197.63,536.0,-6692.0,-16388.0,2.0,-0.08,-178.13,-178.34
197.7,336.0,-6764.0,-16456.0,1.81,-0.25,-178.83,-178.42
197.77,420.0,-6804.0,-16376.0,1.69,-0.41,-178.53,-178.46
197.92,580.0,-6748.0,-16292.0,1.81,-0.26,-177.96,-178.38
197.99,504.0,-6812.0,-16252.0,1.6,-0.43,-178.22,-178.39
198.36,408.0,-6852.0,-16504.0,1.8,-0.15,-178.58,-178.39
198.44,404.0,-6868.0,-16340.0,1.85,-0.11,-178.58,-178.42
198.51,504.0,-6748.0,-16296.0,1.63,-0.36,-178.23,-178.42
198.58,512.0,-6772.0,-16512.0,1.95,-0.02,-178.22,-178.4
198.66,524.0,-6768.0,-16244.0,1.7,-0.25,-178.15,-178.39
198.73,480.0,-6872.0,-16388.0,1.81,-0.12,-178.32,-178.39
198.81,492.0,-6876.0,-16456.0,2.08,0.15,-178.29,-178.37
198.88,468.0,-6824.0,-16228.0,1.76,-0.16,-178.35,-178.37
198.95,568.0,-6804.0,-16328.0,1.64,-0.27,-178.01,-178.35
199.03,420.0,-6784.0,-16448.0,1.82,-0.06,-178.54,-178.37
199.1,492.0,-6804.0,-16468.0,1.78,-0.12,-178.29,-178.37
199.17,568.0,-6748.0,-16392.0,1.74,-0.15,-178.02,-178.34
199.25,480.0,-6824.0,-16568.0,1.8,-0.06,-178.34,-178.34
199.61,516.0,-6788.0,-16280.0,1.77,-0.06,-178.18,-178.29
199.76,540.0,-6792.0,-16236.0,1.82,0.04,-178.1,-178.22
200.05,512.0,-6776.0,-16452.0,1.62,-0.18,-178.22,-178.26
200.13,544.0,-6680.0,-16424.0,2.06,0.27,-178.1,-178.22
200.2,468.0,-6824.0,-16288.0,1.85,0.08,-178.35,-178.23
200.27,432.0,-6856.0,-16276.0,1.66,-0.13,-178.48,-178.27
200.49,504.0,-6684.0,-16308.0,1.67,-0.13,-178.23,-178.26
201.08,380.0,-6696.0,-16392.0,1.84,0.03,-178.67,-178.3
201.15,480.0,-6824.0,-16356.0,2.05,0.2,-178.32,-178.29
201.22,440.0,-6860.0,-16380.0,1.82,-0.03,-178.46,-178.31
201.52,444.0,-6776.0,-16352.0,1.93,0.09,-178.44,-178.31
201.81,512.0,-6792.0,-16260.0,1.79,-0.03,-178.2,-178.26
201.88,476.0,-6768.0,-16308.0,1.95,0.12,-178.33,-178.26
201.96,616.0,-6776.0,-16468.0,1.81,-0.02,-177.86,-178.21
202.03,444.0,-6708.0,-16308.0,1.73,-0.07,-178.44,-178.24
202.1,476.0,-6776.0,-16304.0,1.72,-0.1,-178.33,-178.26
202.18,424.0,-6792.0,-16300.0,1.91,0.09,-178.51,-178.28
202.4,424.0,-6996.0,-16308.0,1.87,0.05,-178.51,-178.29
202.47,476.0,-6772.0,-16384.0,1.66,-0.17,-178.34,-178.3
202.54,508.0,-6808.0,-16576.0,1.73,-0.11,-178.24,-178.3
203.06,564.0,-6920.0,-16484.0,1.65,-0.19,-178.04,-178.3
203.35,480.0,-6752.0,-16528.0,1.82,0.05,-178.34,-178.24
203.43,472.0,-6804.0,-16320.0,2.01,0.22,-178.34,-178.24
203.5,436.0,-6876.0,-16312.0,1.79,-0.01,-178.47,-178.26
203.57,416.0,-6724.0,-16332.0,1.67,-0.14,-178.54,-178.3
203.65,532.0,-6804.0,-16336.0,1.99,0.16,-178.13,-178.27
203.72,504.0,-6896.0,-16364.0,1.95,0.12,-178.24,-178.26
204.01,544.0,-6740.0,-16184.0,1.88,0.04,-178.07,-178.25
204.08,544.0,-6780.0,-16240.0,1.68,-0.14,-178.08,-178.24
204.16,412.0,-6812.0,-16228.0,1.85,0.04,-178.55,-178.27
205.11,504.0,-6764.0,-16212.0,1.99,0.14,-178.22,-178.28
205.25,512.0,-6744.0,-16392.0,1.77,-0.06,-178.21,-178.24
205.33,592.0,-6784.0,-16340.0,1.92,0.09,-177.93,-178.2
205.4,424.0,-6700.0,-16472.0,1.95,0.15,-178.53,-178.23
205.47,400.0,-6768.0,-16468.0,1.8,-0.03,-178.61,-178.27
205.55,572.0,-6852.0,-16296.0,1.79,-0.08,-177.99,-178.25
205.62,424.0,-6812.0,-16216.0,1.79,-0.05,-178.5,-178.28
205.7,540.0,-6748.0,-16280.0,1.79,-0.06,-178.1,-178.26
205.77,512.0,-6924.0,-16272.0,1.72,-0.13,-178.2,-178.26
205.84,448.0,-6816.0,-16236.0,1.93,0.09,-178.42,-178.28
205.99,472.0,-6736.0,-16372.0,1.98,0.15,-178.35,-178.25
206.14,516.0,-6804.0,-16388.0,1.97,0.15,-178.2,-178.23
206.21,420.0,-6784.0,-16316.0,1.72,-0.1,-178.53,-178.27
206.28,480.0,-6708.0,-16384.0,1.73,-0.1,-178.32,-178.28
206.36,492.0,-6768.0,-16244.0,1.96,0.12,-178.27,-178.27
206.58,480.0,-6764.0,-16400.0,2.03,0.16,-178.32,-178.32
206.65,436.0,-6696.0,-16316.0,1.69,-0.19,-178.47,-178.35
206.72,472.0,-6768.0,-16428.0,1.69,-0.2,-178.35,-178.36
206.8,616.0,-6828.0,-16356.0,1.69,-0.2,-177.84,-178.32
206.87,532.0,-6756.0,-16420.0,1.9,0.06,-178.14,-178.29
207.09,480.0,-6800.0,-16296.0,1.88,0.04,-178.31,-178.28
207.16,412.0,-6848.0,-16256.0,1.75,-0.09,-178.55,-178.32
207.24,488.0,-6796.0,-16388.0,1.73,-0.13,-178.29,-178.33
207.31,596.0,-6760.0,-16324.0,2.11,0.26,-177.91,-178.26
207.38,436.0,-6772.0,-16192.0,1.67,-0.15,-178.46,-178.29
207.46,604.0,-6812.0,-16440.0,1.56,-0.27,-177.9,-178.26
207.82,468.0,-6816.0,-16260.0,1.79,-0.03,-178.35,-178.27
208.26,532.0,-6784.0,-16344.0,1.83,0.03,-178.14,-178.26
208.34,316.0,-6764.0,-16312.0,1.84,0.05,-178.89,-178.33
208.41,576.0,-6764.0,-16352.0,1.76,-0.08,-177.98,-178.3
208.63,380.0,-6788.0,-16456.0,1.85,0.03,-178.68,-178.37
208.7,564.0,-6820.0,-16392.0,1.76,-0.09,-178.03,-178.33
208.78,508.0,-6648.0,-16312.0,1.79,-0.04,-178.22,-178.32
208.85,548.0,-6848.0,-16420.0,2.0,0.18,-178.09,-178.28
208.92,432.0,-6784.0,-16488.0,1.68,-0.12,-178.5,-178.32
209.0,520.0,-6720.0,-16380.0,1.93,0.11,-178.18,-178.29
209.14,532.0,-6780.0,-16168.0,1.94,0.1,-178.12,-178.31
209.29,504.0,-6792.0,-16380.0,1.79,-0.03,-178.24,-178.3
209.36,508.0,-6752.0,-16332.0,1.8,-0.01,-178.22,-178.29
209.44,480.0,-6764.0,-16424.0,1.59,-0.22,-178.33,-178.31
209.59,552.0,-6840.0,-16376.0,1.82,-0.0,-178.07,-178.29
209.73,444.0,-6856.0,-16332.0,1.73,-0.06,-178.44,-178.3
209.81,520.0,-6848.0,-16308.0,1.69,-0.1,-178.17,-178.29
209.88,352.0,-6740.0,-16288.0,1.66,-0.13,-178.76,-178.36
209.95,472.0,-6844.0,-16360.0,1.69,-0.14,-178.35,-178.36
210.17,528.0,-6676.0,-16152.0,1.89,0.07,-178.13,-178.31
210.47,552.0,-6884.0,-16448.0,2.08,0.31,-178.08,-178.25
210.76,496.0,-6848.0,-16392.0,1.82,0.09,-178.27,-178.2
210.83,472.0,-6760.0,-16384.0,1.88,0.14,-178.35,-178.21
210.9,392.0,-6804.0,-16204.0,1.62,-0.13,-178.61,-178.26
210.98,404.0,-6848.0,-16384.0,1.83,0.05,-178.59,-178.3
211.57,492.0,-6760.0,-16360.0,1.82,-0.02,-178.28,-178.34
211.79,552.0,-6792.0,-16372.0,2.04,0.2,-178.07,-178.29
211.86,416.0,-6836.0,-16504.0,1.6,-0.22,-178.56,-178.33
211.93,476.0,-6836.0,-16304.0,1.79,-0.04,-178.33,-178.33
212.01,488.0,-6804.0,-16324.0,1.79,-0.04,-178.29,-178.33
212.3,504.0,-6728.0,-16308.0,1.77,-0.05,-178.23,-178.31
212.52,568.0,-6704.0,-16296.0,1.66,-0.17,-178.0,-178.32
212.59,552.0,-6816.0,-16180.0,1.84,0.03,-178.05,-178.29
212.67,600.0,-6768.0,-16560.0,1.98,0.19,-177.92,-178.23
212.74,564.0,-6776.0,-16320.0,1.85,0.09,-178.02,-178.2
213.11,452.0,-6840.0,-16328.0,1.85,0.07,-178.41,-178.25
213.18,500.0,-6860.0,-16328.0,1.84,0.05,-178.25,-178.24
213.25,444.0,-6884.0,-16344.0,2.0,0.21,-178.44,-178.25
213.32,536.0,-6776.0,-16364.0,1.87,0.06,-178.12,-178.23
213.69,548.0,-6748.0,-16468.0,1.76,-0.06,-178.09,-178.24
213.76,512.0,-6788.0,-16532.0,1.87,0.06,-178.23,-178.24
213.91,460.0,-6724.0,-16332.0,1.83,-0.01,-178.39,-178.29
213.98,448.0,-6784.0,-16404.0,1.57,-0.28,-178.44,-178.32
214.06,456.0,-6696.0,-16444.0,1.76,-0.1,-178.41,-178.34
214.13,476.0,-6844.0,-16260.0,1.76,-0.1,-178.32,-178.34
214.28,492.0,-6764.0,-16316.0,1.97,0.12,-178.27,-178.32
214.57,528.0,-6892.0,-16236.0,1.79,-0.05,-178.14,-178.31
214.64,472.0,-6732.0,-16340.0,1.58,-0.25,-178.35,-178.33
214.72,432.0,-6624.0,-16288.0,1.85,0.01,-178.48,-178.35
214.94,516.0,-6720.0,-16352.0,1.81,-0.02,-178.19,-178.31
215.16,524.0,-6688.0,-16280.0,1.87,0.05,-178.16,-178.29
215.3,444.0,-6792.0,-16324.0,1.91,0.09,-178.44,-178.32
215.38,404.0,-6780.0,-16312.0,1.89,0.06,-178.58,-178.35
215.45,480.0,-6748.0,-16380.0,1.69,-0.17,-178.32,-178.36
215.52,584.0,-6744.0,-16396.0,1.82,-0.03,-177.96,-178.31
215.67,452.0,-6768.0,-16368.0,1.76,-0.04,-178.42,-178.29
215.89,388.0,-6760.0,-16304.0,1.84,0.05,-178.64,-178.3
215.96,604.0,-6740.0,-16320.0,1.5,-0.32,-177.88,-178.28
216.04,448.0,-6812.0,-16336.0,1.82,0.03,-178.43,-178.29
216.69,500.0,-6792.0,-16468.0,1.96,0.1,-178.26,-178.34
217.28,496.0,-6780.0,-16372.0,1.6,-0.3,-178.26,-178.42
217.43,628.0,-6740.0,-16304.0,1.82,-0.05,-177.79,-178.33
217.5,492.0,-6728.0,-16444.0,1.64,-0.17,-178.29,-178.34
217.58,444.0,-6820.0,-16352.0,2.07,0.26,-178.44,-178.33
217.65,612.0,-6720.0,-16344.0,1.51,-0.31,-177.86,-178.3
218.09,464.0,-6876.0,-16256.0,1.71,-0.05,-178.37,-178.28
218.31,448.0,-6764.0,-16428.0,1.62,-0.13,-178.44,-178.26
218.38,480.0,-6780.0,-16460.0,1.85,0.08,-178.33,-178.26
218.46,512.0,-6716.0,-16388.0,1.9,0.13,-178.21,-178.25
218.6,588.0,-6848.0,-16456.0,1.86,0.09,-177.95,-178.22
218.68,476.0,-6764.0,-16236.0,1.95,0.2,-178.32,-178.22
218.82,532.0,-6856.0,-16288.0,1.87,0.13,-178.13,-178.17
218.89,452.0,-6840.0,-16296.0,1.86,0.13,-178.41,-178.19
218.97,436.0,-6712.0,-16404.0,1.85,0.1,-178.48,-178.22
219.04,440.0,-6812.0,-16392.0,1.92,0.14,-178.46,-178.24
219.11,512.0,-6720.0,-16384.0,1.99,0.19,-178.21,-178.22
219.62,440.0,-6760.0,-16552.0,2.08,0.31,-178.48,-178.18
219.7,552.0,-6872.0,-16340.0,1.73,-0.06,-178.07,-178.17
219.77,520.0,-6764.0,-16244.0,1.76,-0.02,-178.17,-178.17
219.92,424.0,-6852.0,-16468.0,1.9,0.1,-178.53,-178.24
219.99,588.0,-6692.0,-16372.0,1.63,-0.19,-177.94,-178.22
220.07,516.0,-6744.0,-16360.0,1.88,0.08,-178.19,-178.21
220.14,444.0,-6840.0,-16348.0,1.89,0.09,-178.44,-178.23
220.21,536.0,-6684.0,-16384.0,1.93,0.11,-178.13,-178.21
220.28,552.0,-6888.0,-16396.0,1.92,0.1,-178.07,-178.19
220.36,496.0,-6772.0,-16292.0,1.82,0.02,-178.26,-178.2
220.43,460.0,-6812.0,-16416.0,1.69,-0.12,-178.39,-178.23
220.5,484.0,-6776.0,-16276.0,1.76,-0.07,-178.3,-178.24
220.58,488.0,-6776.0,-16492.0,1.8,-0.03,-178.31,-178.25
220.72,540.0,-6692.0,-16424.0,1.71,-0.1,-178.12,-178.21
221.02,432.0,-6764.0,-16408.0,1.72,-0.11,-178.49,-178.27
221.53,524.0,-6688.0,-16192.0,1.76,-0.04,-178.15,-178.21
221.6,596.0,-6804.0,-16516.0,1.87,0.07,-177.93,-178.17
221.68,532.0,-6856.0,-16384.0,1.74,-0.03,-178.14,-178.17
221.82,440.0,-6744.0,-16220.0,1.82,0.06,-178.45,-178.17
221.97,512.0,-6812.0,-16408.0,2.0,0.23,-178.21,-178.14
222.04,364.0,-6780.0,-16240.0,2.08,0.31,-178.72,-178.18
222.11,580.0,-6764.0,-16336.0,1.69,-0.14,-177.97,-178.17
222.19,536.0,-6764.0,-16384.0,1.79,-0.01,-178.13,-178.16
222.26,376.0,-6660.0,-16084.0,1.78,-0.02,-178.66,-178.22
222.48,480.0,-6752.0,-16316.0,1.95,0.13,-178.31,-178.2
222.55,524.0,-6884.0,-16328.0,2.15,0.31,-178.16,-178.18
222.63,588.0,-6720.0,-16476.0,1.73,-0.11,-177.96,-178.16
222.7,436.0,-6888.0,-16376.0,1.63,-0.18,-178.47,-178.21
223.44,504.0,-6720.0,-16248.0,1.88,0.06,-178.22,-178.2
223.73,484.0,-6668.0,-16224.0,1.75,-0.08,-178.29,-178.23
224.68,468.0,-6656.0,-16316.0,1.9,0.13,-178.36,-178.19
224.76,472.0,-6764.0,-16408.0,1.76,-0.03,-178.35,-178.21
224.9,580.0,-6824.0,-16344.0,1.84,0.07,-177.97,-178.14
225.05,516.0,-6780.0,-16204.0,1.74,-0.04,-178.18,-178.17
225.2,516.0,-6780.0,-16332.0,1.98,0.15,-178.19,-178.22
225.34,460.0,-6820.0,-16332.0,1.89,0.1,-178.39,-178.21
225.42,500.0,-6828.0,-16528.0,1.82,0.01,-178.27,-178.21
225.49,492.0,-6724.0,-16380.0,1.85,0.04,-178.28,-178.22
225.71,460.0,-6788.0,-16444.0,1.7,-0.14,-178.4,-178.26
225.78,452.0,-6804.0,-16204.0,1.77,-0.08,-178.4,-178.29
226.07,552.0,-6772.0,-16364.0,1.88,-0.02,-178.07,-178.3
226.15,592.0,-6828.0,-16296.0,1.79,-0.08,-177.92,-178.26
226.88,636.0,-6824.0,-16244.0,1.8,-0.03,-177.76,-178.22
227.03,448.0,-6764.0,-16400.0,1.66,-0.13,-178.44,-178.24
227.1,432.0,-6708.0,-16388.0,1.73,-0.08,-178.49,-178.27
228.06,536.0,-6688.0,-16396.0,1.92,0.06,-178.13,-178.33
228.13,552.0,-6676.0,-16364.0,1.63,-0.21,-178.07,-178.31
228.21,396.0,-6784.0,-16404.0,1.8,-0.01,-178.62,-178.35
228.28,416.0,-6828.0,-16380.0,1.74,-0.1,-178.55,-178.38
228.35,492.0,-6652.0,-16436.0,1.81,-0.05,-178.29,-178.37
228.87,572.0,-6676.0,-16312.0,1.85,0.05,-177.99,-178.27
228.94,368.0,-6584.0,-16784.0,2.24,0.46,-178.74,-178.3
229.01,524.0,-6748.0,-16368.0,1.84,0.02,-178.17,-178.28
229.16,576.0,-6928.0,-16460.0,1.58,-0.27,-178.0,-178.3
229.23,536.0,-6660.0,-16320.0,1.68,-0.14,-178.12,-178.29
229.38,464.0,-6848.0,-16388.0,2.06,0.25,-178.38,-178.28
229.45,680.0,-6608.0,-16272.0,1.41,-0.4,-177.61,-178.22
229.52,444.0,-6896.0,-16328.0,2.1,0.34,-178.44,-178.23
229.6,492.0,-6940.0,-16564.0,1.36,-0.42,-178.3,-178.26
229.74,448.0,-6984.0,-16504.0,1.54,-0.21,-178.45,-178.35
230.04,412.0,-6732.0,-16260.0,1.99,0.25,-178.55,-178.35
230.11,368.0,-6732.0,-16236.0,1.61,-0.15,-178.7,-178.4
230.19,556.0,-6832.0,-16476.0,1.85,0.06,-178.07,-178.36
230.48,416.0,-6768.0,-16332.0,1.53,-0.2,-178.54,-178.34
230.62,668.0,-7100.0,-16304.0,1.53,-0.21,-177.65,-178.26
230.92,544.0,-6792.0,-16152.0,2.27,0.56,-178.07,-178.29
230.99,348.0,-6792.0,-16320.0,1.73,0.03,-178.78,-178.34
231.06,524.0,-6892.0,-16500.0,1.62,-0.12,-178.18,-178.33
231.21,420.0,-6912.0,-16360.0,1.57,-0.15,-178.53,-178.35
231.36,552.0,-6772.0,-16328.0,1.79,0.02,-178.06,-178.36
231.5,452.0,-6788.0,-16256.0,1.85,0.06,-178.41,-178.43
231.58,424.0,-6908.0,-16504.0,1.78,-0.02,-178.53,-178.44
231.65,448.0,-6936.0,-16280.0,1.94,0.13,-178.42,-178.43
231.72,492.0,-6900.0,-16364.0,2.08,0.28,-178.28,-178.4
231.94,480.0,-6812.0,-16372.0,1.58,-0.23,-178.32,-178.4
232.09,392.0,-6688.0,-16344.0,1.85,0.02,-178.63,-178.45
232.16,480.0,-6524.0,-16476.0,1.87,0.02,-178.33,-178.43
232.23,376.0,-6288.0,-16608.0,2.24,0.41,-178.7,-178.44
232.31,452.0,-6268.0,-16484.0,1.53,-0.33,-178.43,-178.46
232.38,412.0,-6260.0,-16548.0,2.6,0.74,-178.57,-178.42
